2384;East Sepik, Papua New Guinea
905;Oulu, Finland
3616;Bac Ninh, Vietnam
1395;Miyagi, Japan
1444;Batken, Kyrgyzstan
141;Vardoe, Aland Islands
392;Thimphu, Bhutan
2038;Iz-Zebbug, Malta
1975;Tombouctou, Mali
844;Suhaj, Egypt
1586;Gamprin, Liechtenstein
832;Tartu, Estonia
1938;Novaci, Macedonia
2980;Crensovci, Slovenia
1883;Namu Atoll, Marshall Islands
1950;Kocani, Macedonia
2002;OEmnoegovi, Mongolia
2941;Komen, Slovenia
1155;Borsod-Abauj-Zemplen, Hungary
1119;Vukovarsko-Srijemska, Croatia
1831;Podgorica, Montenegro
2165;Baja California Sur, Mexico
691;Brandenburg, Germany
1733;Carnikavas Novads, Latvia
2364;Lambayeque, Peru
2222;Bauchi, Nigeria
3166;Samut Songkhram, Thailand
2236;Edo, Nigeria
1775;Doukkala-Abda, Morocco
594;Caldas, Colombia
1112;Santa Barbara, Honduras
1275;Gilan, Iran
326;Temburong, Brunei
700;Obock, Djibouti
1954;Makedonska Kamenica, Macedonia
1693;Mazsalaca, Latvia
805;Carchi, Ecuador
1306;Sardinia, Italy
1757;Misratah, Libya
2346;Panama, Panama
2977;Destrnik, Slovenia
2702;Khanty-Mansiyskiy Avtonomnyy Okrug, Russia
460;Basse-Kotto, Central African Republic
2077;L-Iklin, Malta
458;Haute-Kotto, Central African Republic
3523;Saint Andrew, Saint Vincent and the Grenadines
36;Zabul, Afghanistan
2658;Bashkortostan, Russia
450;Equateur, Democratic Republic of the Congo
1560;Liban-Nord, Lebanon
433;Quebec, Canada
1907;Kisela Voda, Macedonia
3656;Komuna e Mamushes, Kosovo
3258;Qibili, Tunisia
211;Mingacevir City, Azerbaijan
1643;Ventspils Rajons, Latvia
314;Queme, Benin
1689;Nereta, Latvia
1999;Arhangay, Mongolia
952;Ogooue-Ivindo, Gabon
557;Yunnan, China
1230;Uttarakhand, India
1296;Khorasan-e Jonubi, Iran
3329;Trabzon, Turkey
214;Kurdamir Rayon, Azerbaijan
38;Kabul, Afghanistan
2828;Trbovlje, Slovenia
1663;Saldus Rajons, Latvia
1135;Koprivnicko-Krizevacka, Croatia
713;Saint George, Dominica
2851;Slovenj Gradec, Slovenia
2914;Miklavz na Dravskem Polju, Slovenia
1017;Thessaly, Greece
3111;Biltine, Chad
2655;North Ossetia, Russia
1052;Santa Rita, Guam
2446;Saint-Pierre, Saint Pierre and Miquelon
411;Central, Botswana
722;San Cristobal, Dominican Republic
1697;Ludzas Rajons, Latvia
2024;Nouakchott, Mauritania
2717;Kamtsjatka, Russia
1763;Az Zawiyah, Libya
1608;Sinoe, Liberia
190;Ucar, Azerbaijan
1325;Saint Helier, Jersey
487;Saint Gallen, Switzerland
1784;Chaouia-Ouardigha, Morocco
1490;Saint Thomas Lowland, Saint Kitts and Nevis
2958;Grosuplje, Slovenia
1207;Jerusalem District, Israel
1408;Kwale, Kenya
1262;Al Qadisiyah, Iraq
3468;Iowa, United States
2290;Sogn og Fjordane, Norway
2684;Smolensk, Russia
2473;Camuy, Puerto Rico
1558;Bokeo, Laos
2182;Putrajaya, Malaysia
285;Stara Zagora, Bulgaria
1691;Beverinas Novads, Latvia
2416;Autonomous Region in Muslim Mindanao, Philippines
904;Western Finland, Finland
3070;Northern Bahr al Ghazal, South Sudan
711;Saint Mark, Dominica
2742;Western Province, Solomon Islands
1140;Nord-Est, Haiti
3624;Circonscription de Sigave, Wallis and Futuna
3600;Hai Duong, Vietnam
723;Monte Cristi, Dominican Republic
815;Tungurahua, Ecuador
2522;San German, Puerto Rico
2447;Miquelon-Langlade, Saint Pierre and Miquelon
26;Nimruz, Afghanistan
3281;Mardin, Turkey
1118;Splitsko-Dalmatinska, Croatia
704;Arta, Djibouti
1773;Oriental, Morocco
439;Saskatchewan, Canada
2600;Botosani, Romania
1645;Vecpiebalga, Latvia
222;Barda Rayon, Azerbaijan
1910;Tearce, Macedonia
17;Herat, Afghanistan
1366;Kyoto, Japan
1542;Astana Qalasy, Kazakhstan
2951;Izola-Isola, Slovenia
1982;Mandalay, Myanmar
9;Ra's al Khaymah, United Arab Emirates
639;Las Tunas, Cuba
3586;Tay Ninh, Vietnam
1875;Aur Atoll, Marshall Islands
413;North West, Botswana
1235;Meghalaya, India
144;Saltvik, Aland Islands
539;Los Lagos, Chile
1519;Gwangju, South Korea
232;Christ Church, Barbados
2036;Iz-Zurrieq, Malta
366;Roraima, Brazil
1723;Grobina, Latvia
3414;Ternopil, Ukraine
2897;Pesnica, Slovenia
3617;Bac Lieu, Vietnam
1777;Taza-Al Hoceima-Taounate, Morocco
1145;Nord, Haiti
2524;Trujillo Alto, Puerto Rico
1631;Marijampoles Apskritis, Lithuania
2462;Barceloneta, Puerto Rico
2758;Al Jazirah, Sudan
798;El Bayadh, Algeria
1171;Aceh, Indonesia
476;Cuvette, Republic of the Congo
1909;Tetovo, Macedonia
1136;Varazdinska, Croatia
1336;Saint Mary, Jamaica
3724;Western, Zambia
600;Putumayo, Colombia
2976;Divaca, Slovenia
2901;Odranci, Slovenia
1310;Veneto, Italy
3102;Homs, Syria
1248;Dahuk, Iraq
868;Northern Red Sea Region, Eritrea
3346;Amasya, Turkey
1500;Hamgyong-namdo, North Korea
2790;Jaemtland, Sweden
615;Vaupes, Colombia
572;Hubei, China
171;Lankaran, Azerbaijan
496;Schwyz, Switzerland
1411;Nakuru, Kenya
127;Burgenland, Austria
839;Al Gharbiyah, Egypt
2401;Gulf, Papua New Guinea
915;Pohnpei, Micronesia
2318;Wellington, New Zealand
543;Tarapaca, Chile
3035;Dakar, Senegal
582;Inner Mongolia, China
2905;Muta, Slovenia
2781;Kalmar, Sweden
3439;Texas, United States
637;Cienfuegos, Cuba
1540;Almaty Oblysy, Kazakhstan
3628;Palauli, Samoa
895;Tigray, Ethiopia
880;Melilla, Spain
1706;Kraslavas Rajons, Latvia
658;Santa Catarina do Fogo, Cape Verde
1211;Tel Aviv, Israel
2802;Zetale, Slovenia
2477;Cayey, Puerto Rico
1848;Analanjirofo, Madagascar
2283;Limburg, Netherlands
1073;Gabu, Guinea-Bissau
3568;Phu Tho, Vietnam
2721;Eastern Province, Rwanda
2142;Oaxaca, Mexico
2923;Luce, Slovenia
3173;Phichit, Thailand
2347;Guna Yala, Panama
1788;Raionul Edinet, Moldova
2101;Pembroke, Malta
1650;Talsu Rajons, Latvia
544;Centre, Cameroon
142;Sund, Aland Islands
1897;Gostivar, Macedonia
1328;Trelawny, Jamaica
1810;Dubasari, Moldova
659;Ribeira Grande de Santiago, Cape Verde
909;Western, Fiji
102;Misiones, Argentina
1780;Fes-Boulemane, Morocco
129;Upper Austria, Austria
1099;Central and Western, Hong Kong
1673;Riga, Latvia
885;La Rioja, Spain
2335;Zufar, Oman
734;El Seibo, Dominican Republic
3331;Duzce, Turkey
203;Quba, Azerbaijan
634;Provincia de La Habana, Cuba
3369;Niutao, Tuvalu
1349;Zarqa, Jordan
105;Neuquen, Argentina
249;Plateau-Central, Burkina Faso
447;South Kivu, Democratic Republic of the Congo
856;Asyut, Egypt
2723;Southern Province, Rwanda
1026;West Macedonia, Greece
446;Eastern Province, Democratic Republic of the Congo
1215;Nagaland, India
1456;Banteay Meanchey, Cambodia
1054;Talofofo, Guam
1666;Salas, Latvia
970;Kvemo Kartli, Georgia
95;Bie, Angola
1282;Markazi, Iran
3243;Banzart, Tunisia
1240;Dadra and Nagar Haveli, India
3352;Couva-Tabaquite-Talparo, Trinidad and Tobago
941;Midi-Pyrenees, France
2556;Angaur, Palau
1469;Kampong Thom, Cambodia
104;San Juan, Argentina
1049;Chiquimula, Guatemala
1781;Guelmim-Es Smara, Morocco
61;Kukes, Albania
1742;Alsungas Novads, Latvia
1949;Konce, Macedonia
1020;Central Greece, Greece
2093;Dingli, Malta
2993;Ajdovscina, Slovenia
237;Saint Michael, Barbados
3525;Charlotte, Saint Vincent and the Grenadines
1952;Karbinci, Macedonia
2023;Guidimaka, Mauritania
22;Paktia, Afghanistan
2089;L-Ghasri, Malta
44;Kunduz, Afghanistan
1962;Cucer-Sandevo, Macedonia
199;Agstafa, Azerbaijan
3605;Huyen Dien Bien, Vietnam
1006;Conakry, Guinea
2673;Nizjnij Novgorod, Russia
818;Orellana, Ecuador
1945;Bitola, Macedonia
3263;Al Qayrawan, Tunisia
64;Fier, Albania
974;T'bilisi, Georgia
550;South-West Province, Cameroon
1652;Stopini, Latvia
547;Littoral, Cameroon
892;Oromiya, Ethiopia
1825;Opstina Zabljak, Montenegro
2603;Brasov, Romania
1988;Rakhine, Myanmar
3006;Kosicky, Slovakia
894;Amhara, Ethiopia
1884;Namdrik Atoll, Marshall Islands
324;Tutong, Brunei
590;Magdalena, Colombia
2313;Yaren, Nauru
2557;Hatohobei, Palau
1955;Bosilovo, Macedonia
1792;Raionul Anenii Noi, Moldova
887;Madrid, Spain
3340;Gumushane, Turkey
1285;Fars, Iran
1243;Pondicherry, India
312;Collines, Benin
3443;Indiana, United States
2078;Lija, Malta
2483;Comerio, Puerto Rico
2752;Beau Vallon, Seychelles
1764;Sabha, Libya
1859;Diana, Madagascar
483;Cuvette-Ouest, Republic of the Congo
1374;Tokushima, Japan
2;Parroquia de Sant Julia de Loria, Andorra
1423;Mombasa, Kenya
1843;Bijelo Polje, Montenegro
1778;Grand Casablanca, Morocco
138;Victoria, Australia
1042;Solola, Guatemala
2154;Sonora, Mexico
1755;Al Jabal al Akhdar, Libya
3483;Alaska, United States
1746;Aglona, Latvia
94;Benguela, Angola
3648;Komuna e Prishtines, Kosovo
1355;Yamagata, Japan
2680;Krasnodarskiy, Russia
1701;Limbazu Rajons, Latvia
1538;Soltustik Qazaqstan, Kazakhstan
3385;Katavi, Tanzania
912;Rotuma, Fiji
3341;Edirne, Turkey
2906;Mozirje, Slovenia
1315;Lombardy, Italy
286;Kyustendil, Bulgaria
924;Aquitaine, France
1480;Trinity Palmetto Point, Saint Kitts and Nevis
2829;Sostanj, Slovenia
367;West Grand Bahama, Bahamas
779;Saida, Algeria
2254;Ebonyi, Nigeria
2419;Cordillera Administrative Region, Philippines
2608;Harghita, Romania
1221;Karnataka, India
3266;Ha`apai, Tonga
251;Boucle du Mouhoun, Burkina Faso
3137;Savanes, Togo
545;East, Cameroon
799;Bechar, Algeria
234;Saint Andrew, Barbados
1871;Maloelap Atoll, Marshall Islands
1425;Meru, Kenya
1758;Sha`biyat al Jabal al Gharbi, Libya
1373;Tochigi, Japan
1144;Sud-Est, Haiti
1535;Qostanay, Kazakhstan
341;Pernambuco, Brazil
648;Sal, Cape Verde
288;Pleven, Bulgaria
587;Valle del Cauca, Colombia
522;Denguele, Ivory Coast
71;Armavir, Armenia
750;Sanchez Ramirez, Dominican Republic
1151;Bekes, Hungary
1164;Komarom-Esztergom, Hungary
352;Tocantins, Brazil
1312;Campania, Italy
310;Borgou, Benin
1057;Yigo, Guam
806;Manabi, Ecuador
2015;Govi-Sumber, Mongolia
3734;Matabeleland South, Zimbabwe
1363;Tottori, Japan
2292;Buskerud, Norway
949;Estuaire, Gabon
3135;Plateaux, Togo
294;Makamba, Burundi
2095;Birzebbuga, Malta
3261;Madanin, Tunisia
661;Santa Catarina, Cape Verde
1679;Priekule, Latvia
2132;Northern Region, Malawi
1064;Barrigada, Guam
338;Sint Eustatius, Bonaire, Saint Eustatius and Saba 
2033;Saint Peter, Montserrat
3374;Taipei, Taiwan
3534;Guarico, Venezuela
597;Norte de Santander, Colombia
340;Maranhao, Brazil
3293;Ankara, Turkey
753;Biskra, Algeria
3202;Nakhon Phanom, Thailand
202;Sabirabad, Azerbaijan
2270;Atlantico Sur, Nicaragua
1433;Trans Nzoia, Kenya
1157;Pest, Hungary
2096;Birkirkara, Malta
1493;Saint George Basseterre, Saint Kitts and Nevis
1244;NCT, India
623;Puntarenas, Costa Rica
645;Tarrafal, Cape Verde
1858;Analamanga, Madagascar
920;Sandoy, Faroe Islands
710;Saint Andrew, Dominica
1369;Shimane, Japan
1163;Baranya, Hungary
761;Adrar, Algeria
1293;Ilam, Iran
1642;Vecumnieki, Latvia
292;Central Governorate, Bahrain
896;Somali, Ethiopia
1394;Fukushima, Japan
1239;Punjab, India
1749;Sha`biyat al Butnan, Libya
1266;Hamadan, Iran
2644;Perm, Russia
1931;Opstina Rankovce, Macedonia
1339;Saint James, Jamaica
650;Boa Vista, Cape Verde
1035;Guatemala, Guatemala
2470;Vega Alta, Puerto Rico
1313;Friuli Venezia Giulia, Italy
1180;Papua, Indonesia
3513;Fergana, Uzbekistan
3084;Santa Ana, El Salvador
3200;Trat, Thailand
2750;Cascade, Seychelles
2032;Inchiri, Mauritania
1722;Gulbenes Rajons, Latvia
843;Al Minufiyah, Egypt
1264;An Najaf, Iraq
1827;Tivat, Montenegro
456;Haut-Mbomou, Central African Republic
14;Ajman, United Arab Emirates
1391;Hiroshima, Japan
3144;Mae Hong Son, Thailand
78;Lunda Sul, Angola
1291;Sistan va Baluchestan, Iran
449;Nord Kivu, Democratic Republic of the Congo
2773;Norrbotten, Sweden
1096;Sham Shui Po, Hong Kong
2830;Sveti Tomaz, Slovenia
756;Ouargla, Algeria
3248;Tawzar, Tunisia
1835;Opstina Niksic, Montenegro
1890;Wotho Atoll, Marshall Islands
3516;Sirdaryo, Uzbekistan
1965;Aracinovo, Macedonia
1629;Siauliu Apskritis, Lithuania
1794;Ungheni, Moldova
2373;Apurimac, Peru
1056;Umatac, Guam
2185;Tete, Mozambique
2039;Haz-Zebbug, Malta
719;Saint Peter, Dominica
2137;Mexico, Mexico
1008;Bioko Norte, Equatorial Guinea
614;Vichada, Colombia
319;Donga, Benin
874;Extremadura, Spain
389;Mayaguana, Bahamas
2274;Gelderland, Netherlands
1901;Vevcani, Macedonia
1715;Jekabpils Rajons, Latvia
1;Canillo, Andorra
2709;Tyva, Russia
7;Parroquia d'Andorra la Vella, Andorra
2399;Chimbu, Papua New Guinea
792;Illizi, Algeria
1678;Priekuli, Latvia
2570;Guaira, Paraguay
414;Southern, Botswana
493;Valais, Switzerland
2982;Cerklje na Gorenjskem, Slovenia
3221;Nukunonu, Tokelau
339;Bonaire, Bonaire, Saint Eustatius and Saba 
1192;North Kalimantan, Indonesia
720;Azua, Dominican Republic
1806;Raionul Ocnita, Moldova
1074;Cacheu, Guinea-Bissau
1529;Atyrau, Kazakhstan
3669;Komuna e Dragashit, Kosovo
1011;Kie-Ntem, Equatorial Guinea
556;Tibet Autonomous Region, China
2451;Aguadilla, Puerto Rico
498;Schaffhausen, Switzerland
831;Laeaene, Estonia
2550;Melekeok, Palau
289;Kurdzhali, Bulgaria
907;Eastern Finland, Finland
2035;Marsaxlokk, Malta
1872;Kwajalein Atoll, Marshall Islands
1389;Chiba, Japan
957;N Ireland, United Kingdom
488;Aargau, Switzerland
800;El Oro, Ecuador
2510;Lares, Puerto Rico
2641;Voronezj, Russia
148;Koekar, Aland Islands
415;North East, Botswana
997;North Bank, Gambia
1966;Oslomej, Macedonia
2637;Central Serbia, Serbia
1545;Houaphan, Laos
1790;Gagauzia, Moldova
529;Biobio, Chile
1333;Hanover Parish, Jamaica
3484;Washington, United States
1713;Jurmala, Latvia
2287;Hordaland, Norway
2715;Amur, Russia
2186;Maputo, Mozambique
1446;Chuy, Kyrgyzstan
2699;Kurgan, Russia
420;Minskaja Voblasts', Belarus
3621;Malampa, Vanuatu
3384;Tabora, Tanzania
763;Tiaret, Algeria
435;Ontario, Canada
1994;Hovd Province, Mongolia
2143;Hidalgo, Mexico
280;Silistra, Bulgaria
210;Naftalan, Azerbaijan
1682;Babites Novads, Latvia
3460;Tennessee, United States
2208;North Province, New Caledonia
775;Sidi Bel Abbes, Algeria
2212;Zinder, Niger
1737;Baltinavas Novads, Latvia
3149;Chiang Rai, Thailand
2126;Noonu Atoll, Maldives
322;Saint George, Bermuda
1842;Budva, Montenegro
417;Kgatleng, Botswana
1007;Guadeloupe, Guadeloupe
503;Jura, Switzerland
1618;Mohale's Hoek District, Lesotho
422;Brestskaya Oblast', Belarus
1754;Al Marj, Libya
1774;Souss-Massa-Draa, Morocco
2067;L-Imqabba, Malta
3620;Sanma, Vanuatu
3737;Harare, Zimbabwe
3736;Mashonaland East, Zimbabwe
3735;Mashonaland West, Zimbabwe
3658;Komuna e Leposaviqit, Kosovo
2869;Rogaska Slatina, Slovenia
1023;South Aegean, Greece
3391;Rukwa, Tanzania
3732;Mashonaland Central, Zimbabwe
3693;Amanat Al Asimah, Yemen
1699;Seja, Latvia
563;Shaanxi, China
3183;Samut Prakan, Thailand
3730;Matabeleland North, Zimbabwe
2193;Manica, Mozambique
1434;Tana River, Kenya
1416;Narok, Kenya
3728;Lusaka, Zambia
770;Bouira, Algeria
3727;Copperbelt, Zambia
788;Medea, Algeria
1532;East Kazakhstan, Kazakhstan
3726;Eastern, Zambia
1564;Nabatiye, Lebanon
3725;Central, Zambia
1158;Tolna, Hungary
3723;Southern, Zambia
3076;Jonglei, South Sudan
3059;Coronie, Suriname
2404;Milne Bay, Papua New Guinea
3722;North-Western, Zambia
342;Para, Brazil
2730;Makkah, Saudi Arabia
3719;Western Cape, South Africa
738;San Jose de Ocoa, Dominican Republic
2677;Lipetsk, Russia
3718;Limpopo, South Africa
3717;KwaZulu-Natal, South Africa
3716;Northern Cape, South Africa
1067;Dededo, Guam
3348;Kars, Turkey
1531;Qaraghandy, Kazakhstan
3714;Mpumalanga, South Africa
2664;Stavropol'skiy, Russia
2368;Arequipa, Peru
3713;Orange Free State, South Africa
3461;West Virginia, United States
1896;Zajas, Macedonia
260;High-Basins, Burkina Faso
332;Potosi, Bolivia
3438;Alabama, United States
3711;Gauteng, South Africa
1353;Kanagawa, Japan
296;Mwaro, Burundi
755;Relizane, Algeria
2569;San Pedro, Paraguay
184;Zaqatala, Azerbaijan
3710;Kani-Keli, Mayotte
3709;Boueni, Mayotte
3708;Chirongui, Mayotte
3707;Bandrele, Mayotte
3297;Bursa, Turkey
279;Sliven, Bulgaria
1224;Rajasthan, India
3705;Chiconi, Mayotte
1920;Petrovec, Macedonia
1793;Chisinau, Moldova
3237;Ahal, Turkmenistan
3702;Tsingoni, Mayotte
20;Ghazni, Afghanistan
751;Santo Domingo, Dominican Republic
2098;Attard, Malta
3395;Kilimanjaro, Tanzania
862;Al Isma'iliyah, Egypt
835;Polvamaa, Estonia
500;Appenzell Ausserrhoden, Switzerland
2890;Polzela, Slovenia
3701;M'Tsangamouji, Mayotte
2202;Otjozondjupa, Namibia
654;Mosteiros, Cape Verde
3699;Bandraboua, Mayotte
1387;Nagasaki, Japan
3314;Erzurum, Turkey
2639;St.-Petersburg, Russia
959;Saint Patrick, Grenada
2006;Central Aimak, Mongolia
2498;Guanica, Puerto Rico
2619;Constanta, Romania
3697;Dembeni, Mayotte
2864;Semic, Slovenia
2255;Madriz, Nicaragua
1882;Rongelap Atoll, Marshall Islands
3695;Mamoudzou, Mayotte
1980;Magway, Myanmar
2762;Khartoum State, Sudan
2387;Sandaun, Papua New Guinea
2410;Northern Mindanao, Philippines
3691;Muhafazat al Jawf, Yemen
2211;Tahoua, Niger
865;Alexandria, Egypt
2086;Il-Hamrun, Malta
3690;Muhafazat Lahij, Yemen
2051;Saint Paul's Bay, Malta
28;Helmand, Afghanistan
1338;Portland, Jamaica
3688;Al Hudaydah, Yemen
3518;Namangan, Uzbekistan
1320;Abruzzo, Italy
2239;Enugu, Nigeria
86;Bengo, Angola
68;Ararat, Armenia
3504;Paysandu, Uruguay
257;Est, Burkina Faso
2820;Verzej, Slovenia
3684;Muhafazat Hajjah, Yemen
1162;Zala, Hungary
622;Limon, Costa Rica
2918;Medvode, Slovenia
829;Harju, Estonia
3682;Sanaa, Yemen
3681;Muhafazat Raymah, Yemen
2358;Ancash, Peru
1121;Krapinsko-Zagorska, Croatia
3026;Ziguinchor, Senegal
1765;Sha`biyat Nalut, Libya
3679;Muhafazat Dhamar, Yemen
3678;Ibb, Yemen
1004;Mamou, Guinea
903;Southern Finland, Finland
3165;Chai Nat, Thailand
344;Ceara, Brazil
2681;Udmurtiya, Russia
3677;Muhafazat ad Dali`, Yemen
2971;Brda, Slovenia
1670;Garkalne, Latvia
3675;Muhafazat al Bayda', Yemen
3674;Hadramawt, Yemen
167;Beylaqan, Azerbaijan
3673;Al Mahrah, Yemen
3044;Bari, Somalia
3672;Komuna e Gracanices, Kosovo
948;Haut-Ogooue, Gabon
3671;Komuna e Gjakoves, Kosovo
3670;Hani i Elezit, Kosovo
2701;Omsk, Russia
1053;Sinajana, Guam
416;South East, Botswana
1359;Saitama, Japan
3668;Komuna e Drenasit, Kosovo
1022;Attica, Greece
3667;Komuna e Gjilanit, Kosovo
3666;Komuna e Istogut, Kosovo
2163;Guanajuato, Mexico
1968;Butel, Macedonia
3664;Komuna e Kacanikut, Kosovo
3663;Komuna e Klines, Kosovo
1625;Alytaus Apskritis, Lithuania
794;Ain Temouchent, Algeria
277;Ruse, Bulgaria
3662;Komuna e Kllokotit, Kosovo
3661;Kosovo Polje, Kosovo
264;Sofiya, Bulgaria
2231;Kano, Nigeria
696;Hamburg, Germany
136;Queensland, Australia
3659;Komuna e Mitrovices, Kosovo
3657;Lipjan, Kosovo
3655;Novo Brdo, Kosovo
3654;Komuna e Obiliqit, Kosovo
3653;Orahovac, Kosovo
3607;Da Nang, Vietnam
1016;Peloponnese, Greece
83;Cuanza Norte, Angola
3651;Komuna e Parteshit, Kosovo
3537;Sucre, Venezuela
1188;North Sulawesi, Indonesia
461;Ouaka, Central African Republic
3649;Podujevo, Kosovo
3647;Prizren, Kosovo
3646;Komuna e Ranillugut, Kosovo
2149;Tlaxcala, Mexico
3645;Komuna e Decanit, Kosovo
3440;Virginia, United States
3644;Komuna e Skenderajt, Kosovo
3643;Komuna e Shtimes, Kosovo
1412;Homa Bay, Kenya
3642;Opstina Strpce, Kosovo
3641;Komuna e Therandes, Kosovo
3640;Komuna e Ferizajt, Kosovo
3639;Komuna e Vitise, Kosovo
914;Kosrae, Micronesia
643;Ribeira Brava, Cape Verde
3428;Ivano-Frankivsk, Ukraine
66;Durres, Albania
714;Saint David, Dominica
3106;Damascus Governorate, Syria
3637;Komuna e Zubin Potokut, Kosovo
3636;Opstina Zvecan, Kosovo
1181;West Papua, Indonesia
1090;Yuen Long, Hong Kong
1321;The Marches, Italy
235;Saint John, Barbados
3635;Vaisigano, Samoa
604;Atlantico, Colombia
3634;Aiga-i-le-Tai, Samoa
2593;Reunion, Reunion
558;Xinjiang Uygur Zizhiqu, China
1514;Daejeon, South Korea
2286;Vest-Agder, Norway
3631;Va`a-o-Fonoti, Samoa
3554;Saint Croix Island, U.S. Virgin Islands
3630;A'ana, Samoa
3629;Atua, Samoa
2424;Azad Kashmir, Pakistan
3626;Circonscription d'Alo, Wallis and Futuna
1502;Chagang-do, North Korea
3625;Circonscription d'Uvea, Wallis and Futuna
1745;Aizkraukles Rajons, Latvia
125;Salzburg, Austria
3622;Tafea, Vanuatu
2360;Amazonas, Peru
1141;Sud, Haiti
2106;Black River, Mauritius
3296;Sirnak, Turkey
611;Archipielago de San Andres, Providencia y Santa Catalina, Colombia
130;Tyrol, Austria
3375;Kaohsiung, Taiwan
195;Abseron, Azerbaijan
3338;Ardahan, Turkey
3619;Shefa, Vanuatu
535;Antofagasta, Chile
3618;Torba, Vanuatu
269;Yambol, Bulgaria
760;Tindouf, Algeria
1242;Andaman and Nicobar Islands, India
3401;Zanzibar North, Tanzania
2777;Joenkoeping, Sweden
3613;Dac Lak, Vietnam
186;Tovuz, Azerbaijan
1070;Biombo, Guinea-Bissau
3612;Ca Mau, Vietnam
673;South Moravian, Czech Republic
1926;Berovo, Macedonia
2156;Chihuahua, Mexico
3234;Lautem, East Timor
56;Gjirokaster, Albania
3610;Bac Giang, Vietnam
728;Santiago, Dominican Republic
506;Uri, Switzerland
3609;Lam Dong, Vietnam
507;Glarus, Switzerland
2371;Junin, Peru
2894;Bled, Slovenia
3;Parroquia d'Encamp, Andorra
1271;Ardabil, Iran
1354;Hyogo, Japan
1021;North Aegean, Greece
1377;Tokyo, Japan
773;Mascara, Algeria
3652;Komuna e Malisheves, Kosovo
1351;Ajlun, Jordan
2474;Carolina, Puerto Rico
3208;Chon Buri, Thailand
2307;Central Region, Nepal
3603;Nam Dinh, Vietnam
3602;Khanh Hoa, Vietnam
2197;Erongo, Namibia
1948;Kratovo, Macedonia
3599;Hai Phong, Vietnam
154;Geta, Aland Islands
1588;Balzers, Liechtenstein
3598;Ninh Thuan, Vietnam
3597;Binh Thuan, Vietnam
3596;Ha Nam, Vietnam
3595;Thua Thien-Hue, Vietnam
2323;Southland, New Zealand
2427;Federally Administered Tribal Areas, Pakistan
3594;Gia Lai, Vietnam
3335;Giresun, Turkey
3592;Quang Binh, Vietnam
2013;Darhan Uul, Mongolia
3591;Kien Giang, Vietnam
3037;Louga, Senegal
3589;Lao Cai, Vietnam
2034;Saint Anthony, Montserrat
3588;Soc Trang, Vietnam
490;Grisons, Switzerland
3587;Long An, Vietnam
674;Karlovarsky, Czech Republic
1557;Khammouan, Laos
3585;Ha Tinh, Vietnam
162;Xankandi Sahari, Azerbaijan
1655;Pargaujas, Latvia
3584;Thai Nguyen, Vietnam
3579;Binh Duong, Vietnam
3583;Thai Binh, Vietnam
484;Brazzaville, Republic of the Congo
2040;Haz-Zabbar, Malta
2004;East Gobi Aymag, Mongolia
3478;New Mexico, United States
3582;Ho Chi Minh City, Vietnam
3312;Afyonkarahisar, Turkey
2669;Penza, Russia
2184;Sofala, Mozambique
3580;Quang Tri, Vietnam
940;Provence-Alpes-Cote d'Azur, France
3512;Surxondaryo, Uzbekistan
2352;Ngoebe-Bugle, Panama
2338;Az Zahirah, Oman
3577;Tra Vinh, Vietnam
52;Saint Paul, Antigua and Barbuda
3575;Cao Bang, Vietnam
1941;Gevgelija, Macedonia
47;Lowgar, Afghanistan
3574;Quang Ngai, Vietnam
2047;Tas-Sliema, Malta
2904;Naklo, Slovenia
2587;Baladiyat az Za`ayin, Qatar
3573;Tuyen Quang, Vietnam
3447;Maryland, United States
3571;Quang Ninh, Vietnam
3570;Ha Noi, Vietnam
2900;Oplotnica, Slovenia
263;Smolyan, Bulgaria
3054;Nugaal, Somalia
2667;Ulyanovsk Oblast, Russia
1232;Assam, India
2109;Grand Port, Mauritius
3177;Khon Kaen, Thailand
3569;Lang Son, Vietnam
1034;Zacapa, Guatemala
1537;Zhambyl, Kazakhstan
74;Kotayk'i Marz, Armenia
3567;Thanh Hoa, Vietnam
858;Aswan, Egypt
1175;Central Java, Indonesia
2065;L-Imtarfa, Malta
146;Lemland, Aland Islands
2298;Telemark, Norway
2561;Airai, Palau
601;Caqueta, Colombia
772;Souk Ahras, Algeria
1304;Westfjords, Iceland
613;Guainia, Colombia
502;Ticino, Switzerland
797;Annaba, Algeria
3565;Binh Dinh, Vietnam
1820;Raionul Briceni, Moldova
3564;Hau Giang, Vietnam
3563;Hoa Binh, Vietnam
3562;Ba Ria-Vung Tau, Vietnam
3561;Yen Bai, Vietnam
2765;Sinnar, Sudan
3560;Son La, Vietnam
2630;Calarasi, Romania
3559;Vinh Phuc, Vietnam
3558;Bac Kan, Vietnam
3557;Ha Giang, Vietnam
3556;Ninh Binh, Vietnam
3555;Nghe An, Vietnam
3072;Warrap, South Sudan
1123;Virovitick-Podravska, Croatia
3022;Faetano, San Marino
561;Guizhou Sheng, China
2809;Vrhnika, Slovenia
3230;Baucau, East Timor
1647;Varaklani, Latvia
2016;Municipality of Macau, Macao
3179;Changwat Ubon Ratchathani, Thailand
2140;Puebla, Mexico
3552;Saint Thomas Island, U.S. Virgin Islands
2679;Kareliya, Russia
1649;Valkas Rajons, Latvia
2356;Loreto, Peru
3550;Vargas, Venezuela
1874;Ebon Atoll, Marshall Islands
3549;Amazonas, Venezuela
3215;Khatlon, Tajikistan
3548;Miranda, Venezuela
2889;Piran-Pirano, Slovenia
1615;Qacha's Nek, Lesotho
739;Santiago Rodriguez, Dominican Republic
3546;Zulia, Venezuela
2171;Terengganu, Malaysia
605;Choco, Colombia
1089;Tsuen Wan, Hong Kong
200;Shaki City, Azerbaijan
3545;Cojedes, Venezuela
3544;Delta Amacuro, Venezuela
1786;Commune de Monaco, Monaco
3543;Bolivar, Venezuela
812;Bolivar, Ecuador
2708;Altay, Russia
3541;Tachira, Venezuela
2316;Waikato, New Zealand
762;Bejaia, Algeria
3540;Trujillo, Venezuela
3539;Portuguesa, Venezuela
1839;Herceg Novi, Montenegro
3538;Aragua, Venezuela
3536;Falcon, Venezuela
1033;Quiche, Guatemala
1923;Karpos, Macedonia
1868;Jaluit Atoll, Marshall Islands
3253;Susah, Tunisia
3287;Hatay, Turkey
665;Lefkosia, Cyprus
881;Aragon, Spain
2155;Zacatecas, Mexico
372;Inagua District, Bahamas
2456;Anasco, Puerto Rico
42;Bamian, Afghanistan
3531;Anzoategui, Venezuela
334;Oruro, Bolivia
3530;Carabobo, Venezuela
3529;Distrito Federal, Venezuela
2807;Vuzenica, Slovenia
2122;Upper North Province, Maldives
3161;Ranong, Thailand
3524;Saint George, Saint Vincent and the Grenadines
1473;Kampong Cham, Cambodia
1802;Raionul Soldanesti, Moldova
18;Faryab, Afghanistan
619;Cartago, Costa Rica
172;Lacin, Azerbaijan
3522;Grenadines, Saint Vincent and the Grenadines
2127;Raa Atoll, Maldives
1031;Chimaltenango, Guatemala
906;Lapponia, Finland
1544;Vientiane, Laos
1714;Jelgava, Latvia
11;Ash Shariqah, United Arab Emirates
3520;Toshkent Shahri, Uzbekistan
690;Saxony-Anhalt, Germany
3687;Abyan, Yemen
793;Guelma, Algeria
2459;Arroyo, Puerto Rico
2733;Mintaqat `Asir, Saudi Arabia
2320;Tasman, New Zealand
3517;Navoiy, Uzbekistan
2665;Kaliningrad, Russia
3514;Bukhara, Uzbekistan
3578;Quang Nam, Vietnam
3511;Samarqand, Uzbekistan
1504;Yanggang-do, North Korea
1981;Ayeyarwady, Myanmar
3510;Qashqadaryo, Uzbekistan
2531;Lisbon, Portugal
1526;Muhafazat Mubarak al Kabir, Kuwait
3509;Jizzax, Uzbekistan
3508;Karakalpakstan, Uzbekistan
160;Yardimli, Azerbaijan
2375;Ica, Peru
3507;Cerro Largo, Uruguay
331;La Paz, Bolivia
630;Matanzas, Cuba
2693;Ingushetiya, Russia
1807;Raionul Nisporeni, Moldova
3506;Salto, Uruguay
2772;Vaesterbotten, Sweden
786;Ghardaia, Algeria
3505;Maldonado, Uruguay
855;Red Sea Governorate, Egypt
1047;Jalapa, Guatemala
388;Bimini, Bahamas
3295;Kahramanmaras, Turkey
3500;Soriano, Uruguay
1515;Daegu, South Korea
3392;Simiyu, Tanzania
3412;Cherkasy, Ukraine
90;Namibe, Angola
3499;Tacuarembo, Uruguay
667;Pafos, Cyprus
474;Sangha, Republic of the Congo
3497;Canelones, Uruguay
3496;Artigas, Uruguay
1804;Raionul Riscani, Moldova
2863;Nova Gorica, Slovenia
2282;Zeeland, Netherlands
1153;Hajdu-Bihar, Hungary
771;Blida, Algeria
3492;Rivera, Uruguay
3491;Durazno, Uruguay
2353;Bocas del Toro, Panama
1086;Upper Takutu-Upper Essequibo, Guyana
3490;Treinta y Tres, Uruguay
3167;Nakhon Pathom, Thailand
3019;Chiesanuova, San Marino
3488;Hawaii, United States
1238;Mizoram, India
169;Masalli, Azerbaijan
3486;Oregon, United States
2632;Maramures, Romania
3485;Montana, United States
1599;Nimba, Liberia
168;Neftcala, Azerbaijan
3482;Idaho, United States
72;Aragatsotn, Armenia
610;Risaralda, Colombia
943;Lower Normandy, France
1093;Tuen Mun, Hong Kong
1902;Kavadarci, Macedonia
50;Saint George, Antigua and Barbuda
1190;Maluku Utara, Indonesia
3566;Vinh Long, Vietnam
3310;Usak, Turkey
3424;Poltava, Ukraine
2138;Guerrero, Mexico
1166;Gyor-Moson-Sopron, Hungary
1311;Emilia-Romagna, Italy
2330;Chatham Islands, New Zealand
638;Guantanamo, Cuba
3479;Utah, United States
3477;California, United States
1919;Mogila, Macedonia
1932;Radovis, Macedonia
3476;Arizona, United States
3475;Wisconsin, United States
3474;Vermont, United States
3676;Muhafazat Ma'rib, Yemen
3036;Kaolack, Senegal
3472;New Hampshire, United States
2374;Ayacucho, Peru
101;Formosa, Argentina
231;Saint Peter, Barbados
3720;Luapula, Zambia
705;North Denmark, Denmark
3470;North Dakota, United States
3469;Minnesota, United States
840;Al Qalyubiyah, Egypt
2931;Lendava-Lendva, Slovenia
1106;La Paz, Honduras
3467;South Dakota, United States
555;Qinghai Sheng, China
1903;Vasilevo, Macedonia
2403;Eastern Highlands, Papua New Guinea
3465;Michigan, United States
3464;Maine, United States
1165;Vas, Hungary
3416;Kirovohrad, Ukraine
3462;Connecticut, United States
3459;Pennsylvania, United States
1487;Saint George Gingerland, Saint Kitts and Nevis
2490;Naguabo, Puerto Rico
3318;Bilecik, Turkey
440;Newfoundland and Labrador, Canada
2712;Zabaykalsky, Russia
1032;Jutiapa, Guatemala
120;Eastern District, American Samoa
562;Anhui Sheng, China
3457;New Jersey, United States
2179;Kuala Lumpur, Malaysia
121;Western District, American Samoa
954;Wales, United Kingdom
2724;Kigali, Rwanda
111;La Rioja, Argentina
575;Shanghai Shi, China
946;Ogooue-Maritime, Gabon
3456;North Carolina, United States
23;Badakhshan, Afghanistan
1159;Veszprem, Hungary
1097;Sai Kung, Hong Kong
1613;Berea, Lesotho
2294;Akershus, Norway
1198;East Kalimantan, Indonesia
1547;Salavan, Laos
1249;Al Basrah, Iraq
246;Flemish Region, Belgium
3146;Phetchaburi, Thailand
3453;Illinois, United States
1378;Yamanashi, Japan
2204;Oshana, Namibia
2071;Il-Mellieha, Malta
2395;Jiwaka, Papua New Guinea
472;Bangui, Central African Republic
3451;Washington, D.C., United States
396;Shemgang, Bhutan
313;Plateau, Benin
3450;Arkansas, United States
3449;South Carolina, United States
1498;Pyongyang, North Korea
2463;Barranquitas, Puerto Rico
3448;Ohio, United States
1750;Banghazi, Libya
3572;Phu Yen, Vietnam
3446;Louisiana, United States
679;Liberecky, Czech Republic
1143;Ouest, Haiti
1410;Laikipia, Kenya
2452;Aguas Buenas, Puerto Rico
3445;Kentucky, United States
2228;Borno, Nigeria
274;Vratsa, Bulgaria
3444;Kansas, United States
2031;Brakna, Mauritania
846;Matruh, Egypt
3442;Florida, United States
1044;Escuintla, Guatemala
3441;Delaware, United States
2614;Mures, Romania
3712;North-West, South Africa
2533;Leiria, Portugal
5;Parroquia d'Escaldes-Engordany, Andorra
1078;Bafata, Guinea-Bissau
448;Kasai-Occidental, Democratic Republic of the Congo
1930;Resen, Macedonia
2388;Hela, Papua New Guinea
3415;Kharkiv, Ukraine
3435;Central Region, Uganda
2716;Jewish Autonomous Oblast, Russia
1447;Jalal-Abad, Kyrgyzstan
3433;Kyiv City, Ukraine
3604;Tien Giang, Vietnam
2609;Bacau, Romania
3431;Mykolaiv, Ukraine
3430;Zakarpattia, Ukraine
510;Basel-City, Switzerland
2847;Smarje pri Jelsah, Slovenia
3429;Kherson, Ukraine
1539;Ongtustik Qazaqstan, Kazakhstan
3638;Vushtrri, Kosovo
979;Northern, Ghana
2617;Covasna, Romania
878;Canary Islands, Spain
1288;Kordestan, Iran
1561;Beqaa, Lebanon
2604;Teleorman, Romania
1237;Jharkhand, India
1838;Berane, Montenegro
3422;Dnipropetrovsk, Ukraine
1634;Diekirch, Luxembourg
1479;Grande Comore, Comoros
3421;Vinnyts'ka, Ukraine
1847;Vatovavy Fitovinany, Madagascar
647;Sao Domingos, Cape Verde
3420;Volyn, Ukraine
2606;Arad, Romania
1552;Oudomxai, Laos
1729;Daugavpils, Latvia
3419;Chernihivs'ka Oblast', Ukraine
43;Laghman, Afghanistan
2304;Mid Western, Nepal
2867;Rogatec, Slovenia
808;Morona-Santiago, Ecuador
3418;Khmelnytskyi, Ukraine
3130;Lac, Chad
1724;Ciblas Novads, Latvia
3417;Zhytomyr, Ukraine
81;Uige, Angola
3463;Massachusetts, United States
3038;Kaffrine, Senegal
653;Porto Novo, Cape Verde
687;Rheinland-Pfalz, Germany
3436;Eastern Region, Uganda
3413;Luhansk, Ukraine
521;Fromager, Ivory Coast
3411;Zaporiz'ka Oblast', Ukraine
2221;Katsina, Nigeria
2584;Jarayan al Batinah, Qatar
1041;Sacatepequez, Guatemala
3409;Sumy, Ukraine
3251;Al Qasrayn, Tunisia
3407;Avtonomna Respublika Krym, Ukraine
2121;Gnyaviyani Atoll, Maldives
3686;Al Mahwit, Yemen
1947;Kriva Palanka, Macedonia
1840;Danilovgrad, Montenegro
3404;Dar es Salaam, Tanzania
537;Santiago Metropolitan, Chile
2855;Sezana, Slovenia
3403;Ruvuma, Tanzania
3402;Iringa, Tanzania
2839;Duplek, Slovenia
3614;Dong Nai, Vietnam
2215;Niamey, Niger
3400;Dodoma, Tanzania
2074;Il-Marsa, Malta
3399;Manyara, Tanzania
55;Vlore, Albania
2340;Al Wusta, Oman
527;Moyen-Comoe, Ivory Coast
1108;Intibuca, Honduras
3397;Njombe, Tanzania
842;Ad Daqahliyah, Egypt
782;Bordj Bou Arreridj, Algeria
2409;Zamboanga Peninsula, Philippines
1429;Mandera, Kenya
1206;Connaught, Ireland
3321;Kirsehir, Turkey
1921;Demir Hisar, Macedonia
3389;Mara, Tanzania
2583;Baladiyat Umm Sa`id, Qatar
669;Kralovehradecky, Czech Republic
3388;Shinyanga, Tanzania
2480;Salinas, Puerto Rico
2166;Aguascalientes, Mexico
327;Brunei and Muara, Brunei
3139;Kamphaeng Phet, Thailand
3383;Kigoma, Tanzania
2400;West New Britain, Papua New Guinea
3381;Geita, Tanzania
2546;Braganca, Portugal
2407;Ilocos, Philippines
3379;Mbeya, Tanzania
1569;Soufriere, Saint Lucia
1294;Bushehr, Iran
2645;Mordoviya, Russia
3377;Zanzibar Urban/West, Tanzania
1286;Chahar Mahall va Bakhtiari, Iran
688;Mecklenburg-Vorpommern, Germany
3376;Fukien, Taiwan
3373;Taiwan, Taiwan
1066;Asan, Guam
884;Basque Country, Spain
3372;Nukufetau, Tuvalu
3081;Cabanas, El Salvador
3371;Vaitupu, Tuvalu
3370;Funafuti, Tuvalu
2554;Ngiwal, Palau
3316;Denizli, Turkey
410;Kgalagadi, Botswana
2213;Tillaberi, Niger
994;Central River, Gambia
571;Hunan, China
373;Acklins, Bahamas
2822;Velika Polana, Slovenia
3365;Chaguanas, Trinidad and Tobago
3364;San Juan/Laventille, Trinidad and Tobago
378;Central Eleuthera, Bahamas
3363;Penal/Debe, Trinidad and Tobago
3362;Diego Martin, Trinidad and Tobago
1805;Raionul Orhei, Moldova
2949;Sveti Jurij, Slovenia
3105;Quneitra, Syria
737;San Pedro de Macoris, Dominican Republic
31;Kapisa, Afghanistan
3731;Midlands, Zimbabwe
3360;City of Port of Spain, Trinidad and Tobago
3359;Princes Town, Trinidad and Tobago
3126;Tandjile, Chad
2574;Cordillera, Paraguay
3304;Adiyaman, Turkey
364;Acre, Brazil
403;Ha, Bhutan
2472;Toa Baja, Puerto Rico
3357;Eastern Tobago, Trinidad and Tobago
3356;City of San Fernando, Trinidad and Tobago
3355;Sangre Grande, Trinidad and Tobago
2148;Quintana Roo, Mexico
3354;Tobago, Trinidad and Tobago
2327;Hawke's Bay, New Zealand
3353;Siparia, Trinidad and Tobago
3351;Tunapuna/Piarco, Trinidad and Tobago
3350;Bayburt, Turkey
1223;Manipur, India
430;Stann Creek, Belize
1878;Mili Atoll, Marshall Islands
3715;Province of Eastern Cape, South Africa
1596;North Western, Sri Lanka
735;Samana, Dominican Republic
3347;Sakarya, Turkey
3345;Kastamonu, Turkey
1987;Shan, Myanmar
2682;Arkhangelskaya, Russia
538;O'Higgins, Chile
2571;Presidente Hayes, Paraguay
1234;Orissa, India
1579;Triesenberg, Liechtenstein
1489;Saint John Capesterre, Saint Kitts and Nevis
635;Santiago de Cuba, Cuba
2689;Jaroslavl, Russia
3342;Bartin, Turkey
671;Olomoucky, Czech Republic
1122;Bjelovarsko-Bilogorska, Croatia
2280;Flevoland, Netherlands
3182;Sakon Nakhon, Thailand
2766;River Nile, Sudan
1771;Tanger-Tetouan, Morocco
781;El Oued, Algeria
993;Lower River, Gambia
3336;Cankiri, Turkey
3593;Kon Tum, Vietnam
1182;Banten, Indonesia
1584;Planken, Liechtenstein
3333;Karabuk, Turkey
1627;Taurages Apskritis, Lithuania
783;Oum el Bouaghi, Algeria
913;Chuuk, Micronesia
919;Vagar, Faroe Islands
3330;Kirklareli, Turkey
3328;Tekirdag, Turkey
3327;Kocaeli, Turkey
3326;Istanbul, Turkey
1510;Chungcheongnam-do, South Korea
3092;Chalatenango, El Salvador
3184;Narathiwat, Thailand
3325;Artvin, Turkey
1854;Itasy, Madagascar
3324;Zonguldak, Turkey
106;Jujuy, Argentina
1541;Bayqongyr Qalasy, Kazakhstan
3323;Igdir, Turkey
3322;Kilis, Turkey
2834;Tabor, Slovenia
3393;Zanzibar Central/South, Tanzania
2928;Ljubljana, Slovenia
3320;Elazig, Turkey
3319;Eskisehir, Turkey
89;Cunene, Angola
516;Savanes, Ivory Coast
424;Vitebskaya Oblast', Belarus
3210;Amnat Charoen, Thailand
1183;Riau Islands, Indonesia
1426;Vihiga, Kenya
727;Puerto Plata, Dominican Republic
3255;Al Mahdiyah, Tunisia
3368;Nui, Tuvalu
923;Limousin, France
3315;Kuetahya, Turkey
845;Bani Suwayf, Egypt
742;Peravia, Dominican Republic
1458;Mondolkiri, Cambodia
2189;Nampula, Mozambique
3311;Nevsehir, Turkey
3309;Erzincan, Turkey
3308;Van, Turkey
3307;Kirikkale, Turkey
3306;Siirt, Turkey
1030;Quetzaltenango, Guatemala
1617;Mokhotlong, Lesotho
3172;Sisaket, Thailand
3358;Mayaro, Trinidad and Tobago
3303;Gaziantep, Turkey
1976;Kidal, Mali
3302;Mus, Turkey
3301;Sanliurfa, Turkey
1344;Mafraq, Jordan
163;Saatli, Azerbaijan
1069;Mongmong-Toto-Maite, Guam
3023;Domagnano, San Marino
306;Kayanza, Burundi
3299;Bingoel, Turkey
3298;Mersin, Turkey
2968;Dornava, Slovenia
2525;Villalba, Puerto Rico
3706;Sada, Mayotte
3501;Lavalleja, Uruguay
3294;Balikesir, Turkey
3292;Aydin, Turkey
3291;Isparta, Turkey
1120;Dubrovacko-Neretvanska, Croatia
3290;Karaman, Turkey
3289;Nigde, Turkey
39;Konar, Afghanistan
3288;Kayseri, Turkey
1217;Uttar Pradesh, India
566;Jiangxi Sheng, China
3533;Merida, Venezuela
925;Nord-Pas-de-Calais, France
2903;Bloke, Slovenia
3286;Burdur, Turkey
1925;Makedonski Brod, Macedonia
3285;Aksaray, Turkey
3284;Tunceli, Turkey
1964;Caska, Macedonia
80;Moxico, Angola
3283;Mugla, Turkey
3282;Canakkale, Turkey
2194;Caprivi, Namibia
3025;Acquaviva, San Marino
2925;Log-Dragomer, Slovenia
741;Hato Mayor, Dominican Republic
1036;Alta Verapaz, Guatemala
3028;Diourbel, Senegal
564;Hainan, China
3156;Kanchanaburi, Thailand
2581;Asuncion, Paraguay
3279;Yozgat, Turkey
212;Qobustan, Azerbaijan
3277;Diyarbakir, Turkey
3276;Hakkari, Turkey
2314;Aiwo, Nauru
2092;Il-Fgura, Malta
664;Limassol, Cyprus
1218;Andhra Pradesh, India
3275;Adana, Turkey
3274;Konya, Turkey
2383;Iles Marquises, French Polynesia
3273;Sivas, Turkey
3272;Izmir, Turkey
452;Maniema, Democratic Republic of the Congo
3271;Manisa, Turkey
2582;Umm Salal, Qatar
16;Vardak, Afghanistan
2517;Naranjito, Puerto Rico
816;Pastaza, Ecuador
2769;Al Qadarif, Sudan
2359;Huanuco, Peru
3268;Vava`u, Tonga
3267;Eua, Tonga
2972;Dobrovnik-Dobronak, Slovenia
139;Tasmania, Australia
1299;East, Iceland
1641;Viesite, Latvia
3265;Tongatapu, Tonga
1068;Mangilao, Guam
3264;Bin 'Arus, Tunisia
2114;Maale, Maldives
1196;South Kalimantan, Indonesia
1593;Eastern Province, Sri Lanka
1403;Bungoma, Kenya
65;Tirane, Albania
1384;Miyazaki, Japan
2355;Tumbes, Peru
966;Imereti, Georgia
1176;South Sulawesi, Indonesia
2229;Sokoto, Nigeria
1029;Suchitepequez, Guatemala
1813;Raionul Glodeni, Moldova
3262;Manouba, Tunisia
1621;Butha-Buthe, Lesotho
394;Tashigang, Bhutan
205;Qazax, Azerbaijan
893;Southern Nations, Nationalities, and People's Region, Ethiopia
3259;Ariana, Tunisia
3257;Safaqis, Tunisia
1636;Valmieras Rajons, Latvia
1013;Centro Sur, Equatorial Guinea
2676;Novgorod, Russia
2591;Al Ghuwayriyah, Qatar
2108;Flacq, Mauritius
3535;Estado Yaracuy, Venezuela
1142;Centre, Haiti
1486;Saint Thomas Middle Island, Saint Kitts and Nevis
3252;Kef, Tunisia
701;Djibouti, Djibouti
2827;Trebnje, Slovenia
2858;Sentjur pri Celju, Slovenia
934;Ile-de-France, France
2543;Viana do Castelo, Portugal
2489;Culebra, Puerto Rico
3408;Donetsk, Ukraine
899;Gambela, Ethiopia
3250;Bajah, Tunisia
3168;Lop Buri, Thailand
299;Gitega, Burundi
1508;Chungcheongbuk-do, South Korea
103;Chaco, Argentina
729;Distrito Nacional, Dominican Republic
867;Gash Barka, Eritrea
13;Al Fujayrah, United Arab Emirates
1867;Likiep Atoll, Marshall Islands
2783;Soedermanland, Sweden
2743;Isabel, Solomon Islands
3249;Tatawin, Tunisia
3247;Al Munastir, Tunisia
3246;Tunis, Tunisia
2418;Bicol, Philippines
2206;Omaheke, Namibia
1688;Nica, Latvia
3245;Jundubah, Tunisia
780;Alger, Algeria
2734;Jizan Region, Saudi Arabia
293;Muharraq, Bahrain
336;Pando, Bolivia
3027;Kolda, Senegal
2048;Is-Siggiewi, Malta
3242;Nabul, Tunisia
3241;Qabis, Tunisia
1170;North Sumatra, Indonesia
3240;Lebap, Turkmenistan
466;Lobaye, Central African Republic
180;Agdam, Azerbaijan
3238;Dasoguz, Turkmenistan
2902;Novo Mesto, Slovenia
3703;Koungou, Mayotte
284;Dobrich, Bulgaria
3209;Prachin Buri, Thailand
150;Braendoe, Aland Islands
736;La Altagracia, Dominican Republic
356;Espirito Santo, Brazil
2053;Saint Lawrence, Malta
2028;Gorgol, Mauritania
2494;Maunabo, Puerto Rico
2349;Veraguas, Panama
3236;Balkan, Turkmenistan
1341;Balqa, Jordan
1227;Gujarat, India
3100;Tartus, Syria
2921;Majsperk, Slovenia
443;Northwest Territories, Canada
3611;Can Tho, Vietnam
1602;River Gee, Liberia
3233;Manufahi, East Timor
2181;Perlis, Malaysia
3231;Ainaro, East Timor
3229;Dili, East Timor
3339;Samsun, Turkey
2996;Loska Dolina, Slovenia
445;Kasai-Oriental, Democratic Republic of the Congo
281;Turgovishte, Bulgaria
2618;Sibiu, Romania
48;Panjshir, Afghanistan
1696;Madonas Rajons, Latvia
1146;Nord-Ouest, Haiti
2984;Cankova, Slovenia
3226;Liquica, East Timor
3225;Oecusse, East Timor
2532;Madeira, Portugal
1168;Budapest, Hungary
866;Oued Ed-Dahab-Lagouira, Western Sahara
1302;West, Iceland
2062;In-Naxxar, Malta
3223;Viqueque, East Timor
113;Santiago del Estero, Argentina
848;South Sinai Governorate, Egypt
689;North Rhine-Westphalia, Germany
3220;Fakaofo, Tokelau
3219;Dushanbe, Tajikistan
1448;Talas, Kyrgyzstan
149;Foegloe, Aland Islands
1898;Vrapciste, Macedonia
1208;Central District, Israel
3217;Gorno-Badakhshan, Tajikistan
3216;Viloyati Sughd, Tajikistan
204;Haciqabul, Azerbaijan
2160;Durango, Mexico
3214;Nakhon Nayok, Thailand
3213;Nonthaburi, Thailand
2322;Bay of Plenty, New Zealand
1939;Jegunovce, Macedonia
2471;Quebradillas, Puerto Rico
1210;Southern District, Israel
393;Trashi Yangste, Bhutan
2843;Solcava, Slovenia
1431;Turkana, Kenya
672;Zlin Region, Czech Republic
636;Mayabeque, Cuba
175;Imisli, Azerbaijan
1269;Semnan, Iran
2056;Paola, Malta
820;Azuay, Ecuador
3576;An Giang, Vietnam
215;Yevlax, Azerbaijan
752;Boumerdes, Algeria
2555;Ngarchelong, Palau
3211;Chachoengsao, Thailand
1414;Kisii, Kenya
3606;Binh Phuoc, Vietnam
1005;Faranah, Guinea
495;Vaud, Switzerland
451;Katanga, Democratic Republic of the Congo
3207;Changwat Bueng Kan, Thailand
3206;Sing Buri, Thailand
3205;Chanthaburi, Thailand
3204;Pathum Thani, Thailand
1929;Kumanovo, Macedonia
3203;Surin, Thailand
668;Keryneia, Cyprus
475;Pointe-Noire, Republic of the Congo
1347;Karak, Jordan
1184;Lampung, Indonesia
3201;Chaiyaphum, Thailand
1687;Ogre, Latvia
3049;Awdal, Somalia
84;Malanje, Angola
3199;Uttaradit, Thailand
3198;Rayong, Thailand
2251;Kogi, Nigeria
37;Wilayat-e Daykundi, Afghanistan
3197;Phra Nakhon Si Ayutthaya, Thailand
348;Rio Grande do Norte, Brazil
900;Dire Dawa, Ethiopia
427;Belize, Belize
3196;Mukdahan, Thailand
1383;Fukui, Japan
3195;Phitsanulok, Thailand
1957;Lozovo, Macedonia
1911;Sveti Nikole, Macedonia
883;Castille and Leon, Spain
3194;Sa Kaeo, Thailand
1051;Piti, Guam
3193;Nan, Thailand
3192;Phetchabun, Thailand
2088;Hal Ghaxaq, Malta
2955;Hrastnik, Slovenia
3191;Sara Buri, Thailand
2875;Murska Sobota, Slovenia
3190;Ang Thong, Thailand
1139;Artibonite, Haiti
882;Navarre, Spain
583;Heilongjiang Sheng, China
3189;Yala, Thailand
3188;Bangkok, Thailand
3187;Pattani, Thailand
3623;Penama, Vanuatu
3185;Changwat Nong Bua Lamphu, Thailand
3361;Point Fortin, Trinidad and Tobago
754;Tipaza, Algeria
552;North Province, Cameroon
624;Heredia, Costa Rica
278;Pazardzhik, Bulgaria
3180;Songkhla, Thailand
3553;Saint John Island, U.S. Virgin Islands
3178;Roi Et, Thailand
110;Cordoba, Argentina
911;Northern, Fiji
2848;Kamnik, Slovenia
311;Atakora, Benin
2663;Kabardino-Balkariya, Russia
3119;Chari-Baguirmi, Chad
533;Atacama, Chile
3175;Buriram, Thailand
2736;Riyadh Province, Saudi Arabia
807;Napo, Ecuador
1002;Kindia, Guinea
525;Sud-Bandama, Ivory Coast
718;Saint Patrick, Dominica
3174;Loei, Thailand
1308;Basilicate, Italy
3305;Osmaniye, Turkey
964;Saint John, Grenada
2969;Dol pri Ljubljani, Slovenia
1580;Triesen, Liechtenstein
2018;Saipan, Northern Mariana Islands
2262;Boaco, Nicaragua
1396;Iwate, Japan
1455;Stung Treng, Cambodia
585;Cundinamarca, Colombia
584;Jilin Sheng, China
1202;Jakarta Raya, Indonesia
3171;Nakhon Ratchasima, Thailand
663;Ammochostos, Cyprus
468;Ouham, Central African Republic
3170;Maha Sarakham, Thailand
1255;Diyala Province, Iraq
3169;Kalasin, Thailand
2959;Sveta Trojica v Slovenskih Goricah, Slovenia
3163;Phrae, Thailand
3162;Lamphun, Thailand
869;Anseba, Eritrea
3018;San Marino, San Marino
3526;Saint David, Saint Vincent and the Grenadines
3160;Phatthalung, Thailand
2111;Rodrigues, Mauritius
3015;Eastern Province, Sierra Leone
1300;Southern Peninsula, Iceland
227;Federation of Bosnia and Herzegovina, Bosnia and Herzegovina
1946;Krusevo, Macedonia
3150;Ratchaburi, Thailand
1113;Atlantida, Honduras
660;Sao Miguel, Cape Verde
968;Shida Kartli, Georgia
2271;Granada, Nicaragua
2238;Cross River, Nigeria
470;Ombella-Mpoko, Central African Republic
3159;Satun, Thailand
3158;Phangnga, Thailand
3157;Uthai Thani, Thailand
3155;Sukhothai, Thailand
3154;Chumphon, Thailand
1445;Ysyk-Koel, Kyrgyzstan
3152;Suphan Buri, Thailand
3434;Northern Region, Uganda
1283;East Azarbaijan, Iran
3042;Lower Shabeelle, Somalia
477;Niari, Republic of the Congo
1199;Bengkulu, Indonesia
1710;Kegums, Latvia
1186;Bali, Indonesia
3147;Phayao, Thailand
971;Samtskhe-Javakheti, Georgia
1357;Ibaraki, Japan
3143;Krabi, Thailand
2100;Il-Fontana, Malta
479;Kouilou, Republic of the Congo
3142;Prachuap Khiri Khan, Thailand
3141;Phuket, Thailand
3140;Nakhon Si Thammarat, Thailand
1623;Utenos Apskritis, Lithuania
1364;Mie, Japan
3386;Mwanza, Tanzania
1438;Baringo, Kenya
3138;Surat Thani, Thailand
3136;Kara, Togo
3079;La Libertad, El Salvador
317;Alibori, Benin
608;Amazonas, Colombia
29;Ghowr, Afghanistan
1863;Melaky, Madagascar
85;Luanda, Angola
3134;Centrale, Togo
1152;Heves, Hungary
1084;Barima-Waini, Guyana
2493;Santa Isabel Municipio, Puerto Rico
386;Black Point, Bahamas
1087;Cuyuni-Mazaruni, Guyana
469;Mambere-Kadei, Central African Republic
226;Republika Srpska, Bosnia and Herzegovina
1725;Ergli, Latvia
3132;Kerguelen, French Southern Territories
2590;Al Jumayliyah, Qatar
3129;Logone Oriental, Chad
1546;Savannahkhet, Laos
3030;Tambacounda, Senegal
936;Lorraine, France
2317;Auckland, New Zealand
3123;Mandoul, Chad
3122;Guera, Chad
3121;Logone Occidental, Chad
602;Cesar, Colombia
3120;Barh el Gazel, Chad
3118;Batha, Chad
1503;Hamgyong-bukto, North Korea
3117;Mayo-Kebbi Ouest, Chad
3116;Moyen-Chari, Chad
3115;Salamat, Chad
2169;Johor, Malaysia
1845;Atsinanana, Madagascar
351;Sergipe, Brazil
1556;Xiangkhoang, Laos
3114;Ennedi, Chad
1009;Annobon, Equatorial Guinea
390;Wangdi Phodrang, Bhutan
1457;Siem Reap, Cambodia
3113;Sila, Chad
2076;L-Isla, Malta
3112;Ouaddai, Chad
3110;Shiselweni, Swaziland
3109;Manzini, Swaziland
347;Amazonas, Brazil
3024;Borgo Maggiore, San Marino
79;Lunda Norte, Angola
375;Freeport, Bahamas
2029;Adrar, Mauritania
978;Saint Peter Port, Guernsey
1388;Akita, Japan
2217;Agadez, Niger
2248;Ondo, Nigeria
1522;Hawalli, Kuwait
1393;Ehime, Japan
1316;Piedmont, Italy
2729;Northern Borders, Saudi Arabia
2010;OEvoerhangay, Mongolia
128;Carinthia, Austria
3082;Usulutan, El Salvador
3107;Lubombo, Swaziland
1274;Kohgiluyeh va Buyer Ahmad, Iran
239;Rangpur Division, Bangladesh
2273;South Holland, Netherlands
3101;Al-Hasakah, Syria
3099;Daraa, Syria
3098;Rif-dimashq, Syria
3097;Deir ez-Zor, Syria
2779;Vaestra Goetaland, Sweden
3095;As-Suwayda, Syria
2223;Benue, Nigeria
2888;Postojna, Slovenia
3093;Hama, Syria
4;Parroquia d'Ordino, Andorra
2970;Dolenjske Toplice, Slovenia
3091;La Union, El Salvador
628;Camaguey, Cuba
3090;San Vicente, El Salvador
1012;Litoral, Equatorial Guinea
309;Rutana, Burundi
3087;Sonsonate, El Salvador
3086;Ahuachapan, El Salvador
3085;Cuscatlan, El Salvador
3083;San Salvador, El Salvador
2624;Mehedinti, Romania
2573;Itapua, Paraguay
1644;Varkava, Latvia
1692;Mesraga, Latvia
320;Zou, Benin
1279;Mazandaran, Iran
2799;Zrece, Slovenia
3078;Principe, Sao Tome and Principe
2460;Caguas, Puerto Rico
1040;Santa Rosa, Guatemala
252;Centre-Est, Burkina Faso
3077;Sao Tome Island, Sao Tome and Principe
3075;Unity, South Sudan
2372;Pasco, Peru
3074;Upper Nile, South Sudan
3073;Lakes, South Sudan
1651;Vainode, Latvia
1851;Betsiboka, Madagascar
2620;Arges, Romania
863;As Suways, Egypt
3071;Eastern Equatoria, South Sudan
1292;Alborz, Iran
3069;Western Bahr al Ghazal, South Sudan
1741;Aluksnes Rajons, Latvia
3068;Western Equatoria, South Sudan
3067;Central Equatoria, South Sudan
395;Daga, Bhutan
3008;Nitriansky, Slovakia
2478;Utuado, Puerto Rico
2711;Khabarovsk Krai, Russia
2000;Hovsgol, Mongolia
1467;Kratie, Cambodia
2357;San Martin, Peru
1045;Retalhuleu, Guatemala
3062;Commewijne, Suriname
1318;Latium, Italy
3212;Samut Sakhon, Thailand
3058;Nickerie, Suriname
748;Valverde, Dominican Republic
3057;Sool, Somalia
2841;Idrija, Slovenia
3685;Muhafazat Sa`dah, Yemen
187;Xacmaz, Azerbaijan
2981;Cerkvenjak, Slovenia
2227;Kwara, Nigeria
3050;Sanaag, Somalia
3048;Gedo, Somalia
3047;Middle Shabele, Somalia
3046;Banaadir, Somalia
349;Bahia, Brazil
850;Al Buhayrah, Egypt
3519;Xorazm, Uzbekistan
569;Fujian, China
3043;Middle Juba, Somalia
3148;Trang, Thailand
350;Amapa, Brazil
1667;Rujienas, Latvia
3040;Bakool, Somalia
1899;Vranestica, Macedonia
512;Lacs, Ivory Coast
3039;Kedougou, Senegal
1971;Mopti, Mali
3590;Dong Thap, Vietnam
841;Al Fayyum, Egypt
97;Corrientes, Argentina
631;Holguin, Cuba
733;La Vega, Dominican Republic
2817;Ivancna Gorica, Slovenia
3032;Matam, Senegal
1343;Amman, Jordan
380;Harbour Island, Bahamas
1104;El Paraiso, Honduras
2562;Aimeliik, Palau
1648;Incukalns, Latvia
254;Sahel, Burkina Faso
3031;Fatick, Senegal
3127;Mayo-Kebbi Est, Chad
2933;Lasko, Slovenia
421;Gomel Region, Belarus
1554;Xekong, Laos
2538;Guarda, Portugal
2907;Moravske Toplice, Slovenia
3300;Bitlis, Turkey
1025;Central Macedonia, Greece
1762;Surt, Libya
270;Blagoevgrad, Bulgaria
706;Zealand, Denmark
2369;Moquegua, Peru
1525;Muhafazat al Jahra', Kuwait
3021;Fiorentino, San Marino
2741;Guadalcanal, Solomon Islands
821;Loja, Ecuador
3020;Montegiardino, San Marino
3489;Rio Negro, Uruguay
2964;Gorisnica, Slovenia
509;Appenzell Innerrhoden, Switzerland
1865;Amoron'i Mania, Madagascar
99;Santa Fe, Argentina
2759;White Nile, Sudan
3017;Serravalle, San Marino
1549;Champasak, Laos
2764;Southern Kordofan, Sudan
1521;Al Farwaniyah, Kuwait
3014;Northern Province, Sierra Leone
822;Canar, Ecuador
3013;Southern Province, Sierra Leone
1918;Dojran, Macedonia
33;Parvan, Afghanistan
15;Khowst, Afghanistan
1594;Central, Sri Lanka
3011;Trenciansky, Slovakia
2354;Embera, Panama
3010;Trnavsky, Slovakia
3009;Zilinsky, Slovakia
283;Khaskovo, Bulgaria
1252;Babil, Iraq
3007;Banskobystricky, Slovakia
759;Tissemsilt, Algeria
3005;Presovsky, Slovakia
3004;Jan Mayen, Svalbard and Jan Mayen
3003;Svalbard, Svalbard and Jan Mayen
462;Vakaga, Central African Republic
486;Bern, Switzerland
3001;Nazarje, Slovenia
108;Santa Cruz, Argentina
3000;Komenda, Slovenia
2168;Pahang, Malaysia
2999;Selnica ob Dravi, Slovenia
2588;Al Wakrah, Qatar
2997;Logatec, Slovenia
3227;Manatuto, East Timor
2599;Iasi, Romania
2995;Cerkno, Slovenia
1797;Raionul Taraclia, Moldova
2994;Razkrizje, Slovenia
1442;Bomet, Kenya
2647;Mariy-El, Russia
1720;Ikskile, Latvia
2990;Bistrica ob Sotli, Slovenia
2989;Bohinj, Slovenia
3437;Western Region, Uganda
1117;Valle, Honduras
2987;Bovec, Slovenia
2575;Alto Parana, Paraguay
1704;Durbes Novads, Latvia
568;Shanxi Sheng, China
1770;Sha`biyat al Jafarah, Libya
1484;Saint James Windwa, Saint Kitts and Nevis
944;Languedoc-Roussillon, France
1134;Karlovacka, Croatia
1077;Bissau Autonomous Region, Guinea-Bissau
2983;Celje, Slovenia
3052;Hiiraan, Somalia
2219;Niger, Nigeria
860;Dumyat, Egypt
2978;Crnomelj, Slovenia
2595;Caras-Severin, Romania
2069;Ghajnsielem, Malta
2636;Autonomna Pokrajina Vojvodina, Serbia
1818;Raionul Cimislia, Moldova
2746;Makira, Solomon Islands
345;Alagoas, Brazil
2974;Dobrna, Slovenia
1767;Sha`biyat Ghat, Libya
3473;Rhode Island, United States
2967;Dravograd, Slovenia
1088;Pomeroon-Supenaam, Guyana
593;Narino, Colombia
3334;Bolu, Turkey
2728;Eastern Province, Saudi Arabia
297;Bujumbura Mairie, Burundi
1043;Peten, Guatemala
2963;Gornja Radgona, Slovenia
747;Pedernales, Dominican Republic
989;Qaasuitsup, Greenland
2962;Gornji Grad, Slovenia
852;Qina, Egypt
1816;Drochia, Moldova
467;Nana-Grebizi, Central African Republic
2988;Borovnica, Slovenia
77;Tavush, Armenia
2666;Tula, Russia
2162;Nayarit, Mexico
2115;South Province, Maldives
3164;Nakhon Sawan, Thailand
123;Manu'a, American Samoa
2957;Hodos-Hodos, Slovenia
2333;Muhafazat Shamal al Batinah, Oman
2954;Loski Potok, Slovenia
2956;Horjul, Slovenia
2953;Ig, Slovenia
2819;Dobrepolje, Slovenia
1665;Salacgrivas, Latvia
2950;Jesenice, Slovenia
2948;Sveti Jurij v Slovenskih Goricah, Slovenia
397;Geylegphug, Bhutan
1718;Jaunjelgava, Latvia
2389;East New Britain, Papua New Guinea
1908;Veles, Macedonia
1915;Bogdanci, Macedonia
2944;Kobarid, Slovenia
1974;Segou, Mali
2943;Kobilje, Slovenia
2942;Kocevje, Slovenia
2940;Koper-Capodistria, Slovenia
2939;Kostanjevica na Krki, Slovenia
2938;Hrpelje-Kozina, Slovenia
2686;Leningrad, Russia
303;Bubanza, Burundi
1116;Choluteca, Honduras
2937;Kozje, Slovenia
2017;Tinian, Northern Mariana Islands
2874;Ravne na Koroskem, Slovenia
2936;Kranj, Slovenia
1191;Gorontalo, Indonesia
1565;Mont-Liban, Lebanon
947;Woleu-Ntem, Gabon
2935;Krizevci, Slovenia
2934;Kuzma, Slovenia
2932;Lenart, Slovenia
2461;Morovis, Puerto Rico
2930;Beltinci, Slovenia
2929;Litija, Slovenia
2927;Ljubno, Slovenia
1254;Anbar, Iraq
2305;Far Western, Nepal
2926;Ljutomer, Slovenia
213;Goranboy, Azerbaijan
2924;Lovrenc na Pohorju, Slovenia
2947;Jursinci, Slovenia
3235;Ermera, East Timor
2920;Makole, Slovenia
2486;Corozal, Puerto Rico
3683;Omran, Yemen
2917;Menges, Slovenia
1203;Ulster, Ireland
2916;Metlika, Slovenia
2915;Mezica, Slovenia
1530;Batys Qazaqstan, Kazakhstan
2246;Gombe, Nigeria
1103;Francisco Morazan, Honduras
1606;Margibi, Liberia
740;Monsenor Nouel, Dominican Republic
1895;Zelenikovo, Macedonia
817;Galapagos, Ecuador
1147;Nippes, Haiti
3254;Silyanah, Tunisia
987;Upper East, Ghana
2073;Marsaskala, Malta
1150;Jasz-Nagykun-Szolnok, Hungary
409;Samdrup Jongkhar, Bhutan
2520;Penuelas, Puerto Rico
1543;Almaty Qalasy, Kazakhstan
879;Balearic Islands, Spain
290;Northern, Bahrain
2909;Mokronog-Trebelno, Slovenia
2908;Moravce, Slovenia
2899;Ormoz, Slovenia
1258;As Sulaymaniyah, Iraq
442;Nunavut, Canada
2898;Osilnica, Slovenia
1844;Andrijevica, Montenegro
2896;Pivka, Slovenia
93;Huambo, Angola
2895;Podcetrtek, Slovenia
746;Independencia, Dominican Republic
2139;Veracruz-Llave, Mexico
143;Sottunga, Aland Islands
3608;Dak Nong, Vietnam
2893;Podlehnik, Slovenia
2892;Podvelka, Slovenia
465;Sangha-Mbaere, Central African Republic
2521;Rincon, Puerto Rico
1719;Ilukstes Novads, Latvia
864;Muhafazat al Uqsur, Egypt
2887;Prebold, Slovenia
2726;Al Madinah, Saudi Arabia
230;Saint Philip, Barbados
2884;Ptuj, Slovenia
2883;Puconci, Slovenia
2882;Race-Fram, Slovenia
1632;Kauno Apskritis, Lithuania
2881;Radece, Slovenia
2880;Radenci, Slovenia
1422;Marsabit, Kenya
2879;Radlje ob Dravi, Slovenia
2878;Domzale, Slovenia
2718;Sakhalin, Russia
2877;Radovljica, Slovenia
2876;Cerknica, Slovenia
1559;Attapu, Laos
2873;Maribor, Slovenia
2872;Recica ob Savinji, Slovenia
2871;Ribnica, Slovenia
1298;Northwest, Iceland
2507;Manati, Puerto Rico
218;Goeycay, Azerbaijan
1700;Livani, Latvia
1156;Bacs-Kiskun, Hungary
2870;Ribnica na Pohorju, Slovenia
1581;Schellenberg, Liechtenstein
3733;Manicaland, Zimbabwe
898;Afar, Ethiopia
1680;Preilu Rajons, Latvia
830;Valgamaa, Estonia
1098;Kowloon City, Hong Kong
2865;Salovci, Slovenia
3495;Flores, Uruguay
2862;Sencur, Slovenia
1454;Svay Rieng, Cambodia
109;La Pampa, Argentina
2861;Krsko, Slovenia
2860;Sentilj, Slovenia
1603;Grand Cape Mount, Liberia
618;Alajuela, Costa Rica
2859;Sentjernej, Slovenia
2857;Sentrupert, Slovenia
962;Carriacou and Petite Martinique, Grenada
2812;Vojnik, Slovenia
1065;Agat, Guam
368;Spanish Wells, Bahamas
2856;Sevnica, Slovenia
2854;Skocjan, Slovenia
2853;Skofja Loka, Slovenia
1247;Chandigarh, India
2572;Misiones, Paraguay
2852;Skofljica, Slovenia
2850;Slovenska Bistrica, Slovenia
2849;Slovenska Konjice, Slovenia
2846;Smartno ob Paki, Slovenia
2845;Smartno pri Litiji, Slovenia
2844;Sodrazica, Slovenia
833;Jarvamaa, Estonia
1329;Saint Andrew, Jamaica
2530;Beja, Portugal
2842;Hajdina, Slovenia
3056;Bay, Somalia
2840;Hoce-Slivnica, Slovenia
1759;Al Jufrah, Libya
2488;Vega Baja, Puerto Rico
371;New Providence, Bahamas
1133;Medimurska, Croatia
1028;Mount Athos, Greece
580;Ningxia Huizu Zizhiqu, China
588;Antioquia, Colombia
2396;Southern Highlands, Papua New Guinea
2745;Temotu, Solomon Islands
2528;Evora, Portugal
3738;Bulawayo, Zimbabwe
2831;Tolmin, Slovenia
1624;Vilniaus Apskritis, Lithuania
2826;Trnovska Vas, Slovenia
1125;Zagrebacka, Croatia
1466;Kaoh Kong, Cambodia
2825;Trzic, Slovenia
2824;Trzin, Slovenia
497;Nidwalden, Switzerland
2823;Turnisce, Slovenia
3366;Borough of Arima, Trinidad and Tobago
2385;Morobe, Papua New Guinea
2821;Velike Lasce, Slovenia
1268;Lorestan, Iran
731;Espaillat, Dominican Republic
2458;Humacao, Puerto Rico
1809;Raionul Hincesti, Moldova
3055;Galguduud, Somalia
1800;Raionul Singerei, Moldova
567;Zhejiang Sheng, China
1914;Struga, Macedonia
1808;Raionul Floresti, Moldova
1592;Northern Province, Sri Lanka
436;Prince Edward Island, Canada
2952;Ilirska Bistrica, Slovenia
565;Guangdong, China
1060;Inarajan, Guam
2818;Vipava, Slovenia
579;Beijing, China
908;Central, Fiji
743;Maria Trinidad Sanchez, Dominican Republic
961;Saint David, Grenada
3033;Sedhiou, Senegal
576;Hebei, China
1174;East Nusa Tenggara, Indonesia
2441;Lower Silesian Voivodeship, Poland
2413;Cagayan Valley, Philippines
532;Coquimbo, Chile
1167;Nograd, Hungary
8;Umm al Qaywayn, United Arab Emirates
1402;Lamu, Kenya
1476;Line Islands, Kiribati
2813;Vodice, Slovenia
1428;Samburu, Kenya
2328;Gisborne, New Zealand
253;Cascades, Burkina Faso
457;Mbomou, Central African Republic
2810;Vransko, Slovenia
2808;Sempeter-Vrtojba, Slovenia
3528;Nueva Esparta, Venezuela
165;Salyan, Azerbaijan
2806;Zagorje ob Savi, Slovenia
3547;Lara, Venezuela
2007;Suhbaatar, Mongolia
179;Ali Bajramly, Azerbaijan
2237;Abia, Nigeria
2755;Northern State, Sudan
1464;Ratanakiri, Cambodia
124;Lower Austria, Austria
707;South Denmark, Denmark
606;Cauca, Colombia
657;Sao Vicente, Cape Verde
1075;Bolama and Bijagos, Guinea-Bissau
1953;Bogovinje, Macedonia
554;Gansu Sheng, China
2786;Vaesternorrland, Sweden
2800;Jezersko, Slovenia
1100;Cortes, Honduras
983;Greater Accra, Ghana
1418;Busia, Kenya
2642;Vladimir, Russia
826;Ida-Virumaa, Estonia
3410;Lviv, Ukraine
717;Saint Luke, Dominica
2795;Saint Helena, Saint Helena
902;Adis Abeba, Ethiopia
3515;Toshkent, Uzbekistan
2793;Ascension, Saint Helena
2792;Blekinge, Sweden
1626;Telsiu Apskritis, Lithuania
2704;Tjumen, Russia
2791;Vaermland, Sweden
1324;Umbria, Italy
164;Susa, Azerbaijan
1501;Rason, North Korea
2789;Vaestmanland, Sweden
2788;Stockholm, Sweden
441;New Brunswick, Canada
1314;Liguria, Italy
2787;Halland, Sweden
370;Rum Cay District, Bahamas
2785;Dalarna, Sweden
2367;Puno, Peru
2784;OEstergoetland, Sweden
1674;Riebinu, Latvia
1205;Leinster, Ireland
1563;Beyrouth, Lebanon
2780;Gotland, Sweden
3096;Aleppo, Syria
2778;Kronoberg, Sweden
1225;Madhya Pradesh, India
1743;Aknistes Novads, Latvia
2776;Skane, Sweden
1677;Krimulda, Latvia
2775;Gaevleborg, Sweden
2288;More og Romsdal, Norway
2774;Uppsala, Sweden
3270;Antalya, Turkey
2770;Western Darfur, Sudan
2487;Ponce, Puerto Rico
3269;Niuas, Tonga
2768;Blue Nile, Sudan
1708;Kocenu Novads, Latvia
2767;Southern Darfur, Sudan
1462;Preah Vihear, Cambodia
3228;Bobonaro, East Timor
2763;Red Sea, Sudan
2761;Northern Darfur, Sudan
2760;Shamal Kurdufan, Sudan
2757;Kassala, Sudan
2756;Central Darfur, Sudan
2406;Western Visayas, Philippines
2804;Zavrc, Slovenia
2754;Anse Boileau, Seychelles
2150;Queretaro, Mexico
183;Zardab, Azerbaijan
2751;Bel Ombre, Seychelles
2749;Port Glaud, Seychelles
627;Pinar del Rio, Cuba
2747;English River, Seychelles
2268;Rio San Juan, Nicaragua
298;Muramvya, Burundi
1833;Pljevlja, Montenegro
1523;Al Asimah, Kuwait
1273;Zanjan, Iran
680;Pardubicky, Czech Republic
489;Zurich, Switzerland
2975;Dobje, Slovenia
3041;Mudug, Somalia
354;Santa Catarina, Brazil
2740;Choiseul, Solomon Islands
2739;Central Province, Solomon Islands
2738;Al Bahah, Saudi Arabia
2737;Mintaqat Ha'il, Saudi Arabia
2055;Safi, Malta
803;Los Rios, Ecuador
573;Chongqing Shi, China
2735;Najran, Saudi Arabia
2505;Municipio de Jayuya, Puerto Rico
1570;Praslin, Saint Lucia
1712;Kandava, Latvia
304;Cibitoke, Burundi
1265;Maysan, Iraq
851;Muhafazat Shamal Sina', Egypt
3471;Nebraska, United States
3432;Misto Sevastopol', Ukraine
849;Al Minya, Egypt
1610;Grand Bassa, Liberia
2886;Preddvor, Slovenia
1944;Ilinden, Macedonia
2725;Western Province, Rwanda
2722;Northern Province, Rwanda
1664;Salaspils, Latvia
2720;Chukotskiy Avtonomnyy Okrug, Russia
1893;Dolneni, Macedonia
453;Bas-Congo, Democratic Republic of the Congo
1661;Sigulda, Latvia
2244;Yobe, Nigeria
240;Chittagong, Bangladesh
2714;Primorskiy, Russia
115;San Luis, Argentina
1482;Saint Paul Capesterre, Saint Kitts and Nevis
828;Laane-Virumaa, Estonia
1590;Southern, Sri Lanka
2713;Sakha, Russia
3065;Saramacca, Suriname
1891;Zrnovci, Macedonia
1830;Kotor, Montenegro
2495;Vieques, Puerto Rico
1862;Alaotra Mangoro, Madagascar
1295;Khorasan-e Shomali, Iran
428;Cayo, Belize
3542;Monagas, Venezuela
2707;Khakasiya, Russia
2706;Yamalo-Nenetskiy Avtonomnyy Okrug, Russia
814;Chimborazo, Ecuador
2261;Masaya, Nicaragua
2700;Altayskiy, Russia
1870;Majuro Atoll, Marshall Islands
2276;North Brabant, Netherlands
2698;Krasnoyarskiy, Russia
1204;Munster, Ireland
676;Ustecky, Czech Republic
2421;Metro Manila, Philippines
1470;Kampong Speu, Cambodia
2025;Dakhlet Nouadhibou, Mauritania
2697;Tomsk, Russia
2696;Kemerovo, Russia
2605;Salaj, Romania
796;El Tarf, Algeria
2695;Nenetskiy Avtonomnyy Okrug, Russia
330;Tarija, Bolivia
2694;Kostroma, Russia
2672;Karachayevo-Cherkesiya, Russia
2692;Pskov, Russia
2068;Il-Mosta, Malta
2225;Bayelsa, Nigeria
511;Marahoue, Ivory Coast
2691;Adygeya, Russia
185;Yevlax City, Azerbaijan
1370;Osaka, Japan
2690;Chuvashia, Russia
1744;Aizpute, Latvia
2688;Kalmykiya, Russia
2687;Orenburg, Russia
976;Racha-Lechkhumi and Kvemo Svaneti, Georgia
709;Capital Region, Denmark
2683;Saratov, Russia
3343;Corum, Turkey
2678;Dagestan, Russia
2153;Michoacan, Mexico
181;Aghjabadi Rayon, Azerbaijan
534;Los Rios, Chile
2675;Belgorod, Russia
1352;Wakayama, Japan
776;Chlef, Algeria
2674;Ivanovo, Russia
1886;Lib Island, Marshall Islands
1397;Hokkaido, Japan
3487;Wyoming, United States
2001;Bayanhongor, Mongolia
2670;Tatarstan, Russia
2392;Bougainville, Papua New Guinea
2123;Haa Dhaalu Atholhu, Maldives
1342;Ma'an, Jordan
3581;Lai Chau, Vietnam
2187;Zambezia, Mozambique
2960;Grad, Slovenia
2794;Tristan da Cunha, Saint Helena
3176;Changwat Udon Thani, Thailand
2662;Komi Republic, Russia
1250;Salah ad Din, Iraq
2661;Samara, Russia
2496;Florida, Puerto Rico
2660;Volgograd, Russia
1048;Baja Verapaz, Guatemala
1730;Dagdas Novads, Latvia
192;Sumqayit, Azerbaijan
2657;Chelyabinsk, Russia
581;Guangxi Zhuangzu Zizhiqu, China
2656;Brjansk, Russia
1577;Anse-la-Raye, Saint Lucia
2653;Chechnya, Russia
126;Styria, Austria
1449;Osh, Kyrgyzstan
2284;Finnmark, Norway
591;Casanare, Colombia
2650;Vologda, Russia
2442;Kujawsko-Pomorskie, Poland
930;Pays de la Loire, France
777;Wilaya de M'Sila, Algeria
2363;Cajamarca, Peru
1761;Tripoli District, Libya
724;Hermanas Mirabal, Dominican Republic
2405;Eastern Visayas, Philippines
2649;Kirov, Russia
2648;Moskovskaya, Russia
890;Cantabria, Spain
945;Nyanga, Gabon
1721;Lecava, Latvia
1371;Yamaguchi, Japan
1798;Stefan-Voda, Moldova
2992;Apace, Slovenia
2646;Rostov, Russia
1495;P'yongan-bukto, North Korea
418;Ghanzi, Botswana
3378;Pemba North, Tanzania
1463;Pailin, Cambodia
1337;Kingston, Jamaica
2643;Moscow, Russia
2797;Zirovnica, Slovenia
935;Rhone-Alpes, France
337;Saba, Bonaire, Saint Eustatius and Saba 
1365;Shiga, Japan
425;Minsk, Belarus
2652;Orjol, Russia
2501;Guaynabo, Puerto Rico
2635;Bucuresti, Romania
2634;Satu Mare, Romania
2633;Prahova, Romania
1027;East Macedonia and Thrace, Greece
2631;Galati, Romania
2629;Gorj, Romania
2782;OErebro, Sweden
2376;Huancavelica, Peru
2627;Timis, Romania
2626;Bihor, Romania
1114;Lempira, Honduras
2117;Baa Atholhu, Maldives
2302;Oslo, Norway
1390;Kagoshima, Japan
2596;Vaslui, Romania
2625;Ilfov, Romania
1935;Ohrid, Macedonia
2136;San Luis Potosi, Mexico
2622;Cluj, Romania
2621;Olt, Romania
2391;Northern Province, Papua New Guinea
3427;Chernivets'ka Oblast', Ukraine
2616;Bistrita-Nasaud, Romania
2615;Neamt, Romania
2613;Dolj, Romania
1705;Kuldigas Rajons, Latvia
2612;Braila, Romania
553;South Province, Cameroon
444;Yukon, Canada
960;Saint George, Grenada
2611;Hunedoara, Romania
2610;Tulcea, Romania
1783;Meknes-Tafilalet, Morocco
769;Skikda, Algeria
3426;Odessa, Ukraine
2602;Valcea, Romania
1277;Yazd, Iran
2601;Alba, Romania
432;British Columbia, Canada
2598;Buzau, Romania
2597;Giurgiu, Romania
2594;Suceava, Romania
1018;Ionian Islands, Greece
2592;Ad Dawhah, Qatar
853;Al Wadi al Jadid, Egypt
2334;Ad Dakhiliyah, Oman
3256;Sidi Bu Zayd, Tunisia
1675;Rezekne, Latvia
3131;Tibesti, Chad
358;Goias, Brazil
2589;Al Khawr, Qatar
2998;Videm, Slovenia
291;Manama, Bahrain
1160;Fejer, Hungary
116;Chubut, Argentina
1058;Yona, Guam
2585;Madinat ash Shamal, Qatar
328;Santa Cruz, Bolivia
1161;Somogy, Hungary
697;Saarland, Germany
1362;Okinawa, Japan
1747;Adazi, Latvia
1568;Vieux-Fort, Saint Lucia
2796;Zuzemberk, Slovenia
1509;Gyeonggi-do, South Korea
1885;Mejit Island, Marshall Islands
1417;Nandi, Kenya
2506;San Sebastian, Puerto Rico
478;Bouenza, Republic of the Congo
2771;Eastern Darfur, Sudan
784;Wilaya de Naama, Algeria
2412;Soccsksargen, Philippines
1080;East Berbice-Corentyne, Guyana
3280;Malatya, Turkey
2580;Boqueron, Paraguay
2515;Maricao, Puerto Rico
928;Centre, France
2578;Alto Paraguay, Paraguay
2577;Amambay, Paraguay
2576;Neembucu, Paraguay
2568;Paraguari, Paraguay
2567;Canindeyu, Paraguay
2566;Caaguazu, Paraguay
2257;Atlantico Norte, Nicaragua
2565;Central, Paraguay
34;Nangarhar, Afghanistan
2564;Caazapa, Paraguay
2563;Ngardmau, Palau
1991;Kachin, Myanmar
2475;Hatillo, Puerto Rico
1289;Qom, Iran
2559;Kayangel, Palau
2558;Sonsorol, Palau
2481;Ciales, Puerto Rico
2097;Balzan, Malta
969;Kakheti, Georgia
2443;Greater Poland Voivodeship, Poland
2553;Ngchesar, Palau
2552;Ngaremlengui, Palau
255;Centre-Ouest, Burkina Faso
1472;Kampong Chhnang, Cambodia
2549;Ngaraard, Palau
950;Ngounie, Gabon
2548;Koror, Palau
2173;Labuan, Malaysia
1236;Bengal, India
1658;Engures Novads, Latvia
725;Duarte, Dominican Republic
2504;San Lorenzo, Puerto Rico
666;Larnaka, Cyprus
158;Calilabad, Azerbaijan
3380;Pwani, Tanzania
1578;Vaduz, Liechtenstein
2545;Coimbra, Portugal
2544;Aveiro, Portugal
790;Khenchela, Algeria
2542;Braga, Portugal
1372;Shizuoka, Japan
2178;Pulau Pinang, Malaysia
207;Qabala Rayon, Azerbaijan
1672;Rojas, Latvia
1323;Aosta Valley, Italy
2540;Viseu, Portugal
2539;Porto, Portugal
985;Ashanti, Ghana
3029;Thies, Senegal
225;Agdas, Azerbaijan
889;Asturias, Spain
2536;Setubal, Portugal
2535;Santarem, Portugal
791;Jijel, Algeria
1401;Makueni, Kenya
1528;Aqtoebe, Kazakhstan
1361;Niigata, Japan
315;Atlantique, Benin
2961;Gornji Petrovci, Slovenia
2529;Faro, Portugal
2833;Tisina, Slovenia
931;Brittany, France
2259;Managua, Nicaragua
2526;Gaza Strip, Palestinian Territory
189;Dashkasan Rayon, Azerbaijan
1997;Uvs, Mongolia
1241;Sikkim, India
3244;Zaghwan, Tunisia
2891;Poljcane, Slovenia
2910;Kranjska Gora, Slovenia
2519;Yauco, Puerto Rico
2518;Orocovis, Puerto Rico
955;England, United Kingdom
2516;Mayaguez, Puerto Rico
2579;Concepcion, Paraguay
2514;Luquillo, Puerto Rico
2513;Loiza, Puerto Rico
981;Brong-Ahafo, Ghana
2512;Sabana Grande, Puerto Rico
2199;Okavango, Namibia
1996;Dzabkhan, Mongolia
2511;Las Marias, Puerto Rico
819;Imbabura, Ecuador
2509;Patillas, Puerto Rico
2508;Lajas, Puerto Rico
2547;Azores, Portugal
2503;Isabela, Puerto Rico
1245;Laccadives, India
2502;Hormigueros, Puerto Rico
1497;Kangwon-do, North Korea
135;Northern Territory, Australia
2499;Toa Alta, Puerto Rico
2497;Fajardo, Puerto Rico
3133;Maritime, Togo
2492;Municipio de Juncos, Puerto Rico
2491;Dorado, Puerto Rico
3458;Oklahoma, United States
2919;Markovci, Slovenia
2485;Guayama, Puerto Rico
2484;Yabucoa, Puerto Rico
57;Korce, Albania
2482;Coamo, Puerto Rico
3387;Arusha, Tanzania
1576;Castries, Saint Lucia
379;Exuma, Bahamas
2448;Moca, Puerto Rico
3066;Brokopondo, Suriname
132;Vienna, Austria
1951;Kicevo, Macedonia
2560;Peleliu, Palau
2469;Las Piedras, Puerto Rico
1855;Vakinankaratra, Madagascar
2468;Cabo Rojo, Puerto Rico
2467;Canovanas, Puerto Rico
391;Tongsa, Bhutan
2466;Cidra, Puerto Rico
2377;Tacna, Peru
1233;Tripura, India
1430;Machakos, Kenya
2457;Arecibo, Puerto Rico
3532;Barinas, Venezuela
708;Central Jutland, Denmark
1553;Xiagnabouli, Laos
1850;Androy, Madagascar
2454;Juana Diaz, Puerto Rico
2432;Subcarpathian Voivodeship, Poland
2912;Mirna Pec, Slovenia
2064;Il-Munxar, Malta
2449;Adjuntas, Puerto Rico
2479;Gurabo, Puerto Rico
383;Crooked Island and Long Cay, Bahamas
2445;Opole Voivodeship, Poland
2444;West Pomeranian Voivodeship, Poland
2586;Ar Rayyan, Qatar
325;Belait, Brunei
3108;Hhohho, Swaziland
2438;Silesian Voivodeship, Poland
2437;Warmian-Masurian Voivodeship, Poland
1656;Alojas Novads, Latvia
2264;Leon, Nicaragua
2435;Lodz Voivodeship, Poland
1829;Opstina Savnik, Montenegro
2434;Swietokrzyskie, Poland
2180;Sarawak, Malaysia
2291;Rogaland, Norway
2144;Morelos, Mexico
1684;Pavilostas, Latvia
70;Shirak, Armenia
1193;Riau, Indonesia
2429;Islamabad, Pakistan
1611;Gbarpolu, Liberia
2476;Catano, Puerto Rico
2425;Balochistan, Pakistan
1229;Goa, India
3627;Tuamasaga, Samoa
1460;Pouthisat, Cambodia
2814;Brezovica, Slovenia
399;Chhukha, Bhutan
958;Saint Mark, Grenada
459;Bamingui-Bangoran, Central African Republic
2422;Sindh, Pakistan
2146;Tabasco, Mexico
1201;Jambi, Indonesia
2420;Caraga, Philippines
438;Nova Scotia, Canada
1091;Wong Tai Sin, Hong Kong
1836;Mojkovac, Montenegro
374;Central Abaco, Bahamas
2234;Akwa Ibom, Nigeria
2415;Calabarzon, Philippines
768;Tamanghasset, Algeria
2815;Sveti Andraz v Slovenskih Goricah, Slovenia
1421;Kakamega, Kenya
2411;Mimaropa, Philippines
1812;Raionul Ialoveni, Moldova
1398;Aomori, Japan
3396;Kagera, Tanzania
517;Lagunes, Ivory Coast
2408;Central Visayas, Philippines
1335;Clarendon, Jamaica
3466;New York, United States
2527;West Bank, Palestinian Territory
3382;Pemba South, Tanzania
2022;Tagant, Mauritania
1076;Quinara, Guinea-Bissau
401;Mongar, Bhutan
2835;Sveta Ana, Slovenia
2102;Moka, Mauritius
3452;Georgia, United States
2394;Western Province, Papua New Guinea
2083;Il-Gzira, Malta
485;Basel-Landschaft, Switzerland
520;Vallee du Bandama, Ivory Coast
528;Agneby, Ivory Coast
2380;Iles Sous-le-Vent, French Polynesia
801;Zamora-Chinchipe, Ecuador
2393;Western Highlands, Papua New Guinea
3704;Ouangani, Mayotte
2295;Nord-Trondelag, Norway
2946;Kanal, Slovenia
363;Federal, Brazil
3692;Aden, Yemen
1350;Aqaba, Jordan
1220;Maharashtra, India
1726;Dundagas Novads, Latvia
2386;Enga, Papua New Guinea
250;Nord, Burkina Faso
1440;Embu, Kenya
2382;Iles Australes, French Polynesia
2381;Iles du Vent, French Polynesia
1751;Darnah, Libya
1585;Mauren, Liechtenstein
3527;Saint Patrick, Saint Vincent and the Grenadines
2378;Madre de Dios, Peru
1261;Al Muthanna, Iraq
2465;Bayamon, Puerto Rico
2370;Lima, Peru
2343;Darien, Panama
977;Guyane, French Guiana
702;Ali Sabieh, Djibouti
112;Rio Negro, Argentina
1303;Capital Region, Iceland
318;Kouffo, Benin
1437;West Pokot, Kenya
2361;Piura, Peru
3063;Marowijne, Suriname
515;Bafing, Ivory Coast
1491;Saint Paul Charlestown, Saint Kitts and Nevis
3551;Apure, Venezuela
2351;Colon, Panama
2350;Herrera, Panama
3034;Saint-Louis, Senegal
629;Ciego de Avila, Cuba
2345;Cocle, Panama
875;Valencia, Spain
1520;Jeju-do, South Korea
45;Nurestan, Afghanistan
2366;Cusco, Peru
2342;Muhafazat al Buraymi, Oman
1880;Utrik Atoll, Marshall Islands
2341;Al Batinah, Oman
2339;Muhafazat Shamal ash Sharqiyah, Oman
2177;Melaka, Malaysia
406;Bumthang, Bhutan
1817;Raionul Donduseni, Moldova
2337;Musandam, Oman
117;Catamarca, Argentina
2336;Masqat, Oman
2061;Tal-Pieta, Malta
1132;Primorsko-Goranska, Croatia
1392;Kochi, Japan
2331;Marlborough, New Zealand
481;Likouala, Republic of the Congo
273;Shumen, Bulgaria
2021;Trarza, Mauritania
1654;Strenci, Latvia
1169;West Sumatra, Indonesia
2329;West Coast, New Zealand
1399;Siaya, Kenya
2152;Nuevo Leon, Mexico
196;Qusar, Azerbaijan
2811;Rence-Vogrsko, Slovenia
59;Diber, Albania
1126;Grad Zagreb, Croatia
2326;Nelson, New Zealand
2325;Taranaki, New Zealand
877;Murcia, Spain
3423;Kyiv Oblast, Ukraine
2321;Northland, New Zealand
2319;Manawatu-Wanganui, New Zealand
1993;Chin, Myanmar
3124;Hadjer-Lamis, Chad
2315;Canterbury, New Zealand
2113;Seenu, Maldives
1711;Karsava, Latvia
1703;Lielvarde, Latvia
530;Valparaiso, Chile
1826;Ulcinj, Montenegro
1961;Debar, Macedonia
1115;Bay Islands, Honduras
2309;Baiti, Nauru
684;Hesse, Germany
308;Kirundo, Burundi
1779;Rabat-Sale-Zemmour-Zaer, Morocco
2308;Uaboe, Nauru
2727;Tabuk, Saudi Arabia
655;Paul, Cape Verde
2198;Oshikoto, Namibia
2303;Western Region, Nepal
2301;Ostfold, Norway
2991;Benedikt, Slovenia
1676;Raunas, Latvia
988;Volta, Ghana
2299;Sor-Trondelag, Norway
1496;Hwanghae-namdo, North Korea
1695;Malpils, Latvia
19;Sar-e Pol, Afghanistan
2297;Hedmark, Norway
540;Arica y Parinacota, Chile
1330;Saint Catherine, Jamaica
153;Hammarland, Aland Islands
1424;Migori, Kenya
3454;Missouri, United States
1019;West Greece, Greece
2289;Oppland, Norway
3632;Fa`asaleleaga, Samoa
926;Corsica, France
542;Aisen, Chile
1360;Gunma, Japan
2651;Kursk, Russia
3494;Florida, Uruguay
932;Upper Normandy, France
27;Takhar, Afghanistan
508;Obwalden, Switzerland
1998;Govi-Altay, Mongolia
2279;Utrecht, Netherlands
2278;Groningen, Netherlands
1340;Irbid, Jordan
1124;Sibensko-Kniniska, Croatia
633;Villa Clara, Cuba
2277;Drenthe, Netherlands
847;Kafr ash Shaykh, Egypt
2275;Friesland, Netherlands
3103;Idlib, Syria
305;Ngozi, Burundi
612;Quindio, Colombia
3650;Komuna e Pejes, Kosovo
2269;Esteli, Nicaragua
1281;Azarbayjan-e Gharbi, Iran
2058;Il-Qrendi, Malta
2266;Carazo, Nicaragua
2265;Chinandega, Nicaragua
2263;Matagalpa, Nicaragua
2703;Novosibirsk, Russia
2260;Rivas, Nicaragua
1589;Western, Sri Lanka
2402;New Ireland, Papua New Guinea
1079;Essequibo Islands-West Demerara, Guyana
2258;Chontales, Nicaragua
2256;Nueva Segovia, Nicaragua
3696;Dzaoudzi, Mayotte
2253;Abuja Federal Capital Territory, Nigeria
2252;Lagos, Nigeria
1619;Leribe, Lesotho
242;Sylhet, Bangladesh
2249;Imo, Nigeria
693;Thuringia, Germany
1385;Kagawa, Japan
2043;Ix-Xaghra, Malta
2913;Miren-Kostanjevica, Slovenia
2245;Rivers, Nigeria
2719;Magadan, Russia
2243;Jigawa, Nigeria
2242;Ogun, Nigeria
2241;Oyo, Nigeria
1533;Qyzylorda, Kazakhstan
765;Mila, Algeria
302;Karuzi, Burundi
258;Centre, Burkina Faso
2671;Murmansk, Russia
3406;Mtwara, Tanzania
986;Eastern, Ghana
2235;Anambra, Nigeria
2233;Nassarawa, Nigeria
3186;Yasothon, Thailand
3660;Kamenica, Kosovo
2230;Taraba, Nigeria
3051;Lower Juba, Somalia
60;Elbasan, Albania
360;Parana, Brazil
2226;Plateau, Nigeria
2224;Adamawa, Nigeria
3094;Ar-Raqqah, Syria
3060;Paramaribo, Suriname
2979;Crna na Koroskem, Slovenia
408;Pemagatsel, Bhutan
2218;Kebbi, Nigeria
2216;Diffa, Niger
1633;Grevenmacher, Luxembourg
982;Upper West, Ghana
732;San Juan, Dominican Republic
2214;Maradi, Niger
1375;Oita, Japan
1943;Debarca, Macedonia
2210;Dosso, Niger
2209;South Province, New Caledonia
2207;Loyalty Islands, New Caledonia
596;Tolima, Colombia
2205;Omusati, Namibia
267;Plovdiv, Bulgaria
1284;Khuzestan, Iran
1406;Kilifi, Kenya
3700;Mtsamboro, Mayotte
193;Siazan Rayon, Azerbaijan
1474;Battambang, Cambodia
359;Rio Grande do Sul, Brazil
1789;Raionul Leova, Moldova
2607;Dambovita, Romania
2200;Hardap, Namibia
1716;Jaunpils, Latvia
1483;Christ Church Nichola Town, Saint Kitts and Nevis
1128;Osjecko-Baranjska, Croatia
2306;Eastern Region, Nepal
3601;Hung Yen, Vietnam
652;Praia, Cape Verde
1358;Nara, Japan
2196;Karas, Namibia
929;Auvergne, France
2195;Khomas, Namibia
3729;Masvingo, Zimbabwe
2192;Niassa, Mozambique
1468;Kampot, Cambodia
1137;Pozesko-Slavonska, Croatia
2191;Maputo City, Mozambique
625;Sancti Spiritus, Cuba
3313;Agri, Turkey
1630;Panevezys County, Lithuania
2668;Astrakhan, Russia
1492;Saint Mary Cayon, Saint Kitts and Nevis
698;Bremen, Germany
3232;Aileu, East Timor
873;Andalusia, Spain
2104;Pamplemousses, Mauritius
523;Worodougou, Ivory Coast
541;Magallanes, Chile
999;Boke, Guinea
384;San Salvador, Bahamas
2433;Lesser Poland Voivodeship, Poland
2176;Negeri Sembilan, Malaysia
2175;Kelantan, Malaysia
92;Huila, Angola
1475;Gilbert Islands, Kiribati
2170;Selangor, Malaysia
2167;Kedah, Malaysia
1138;Licko-Senjska, Croatia
998;Banjul, Gambia
166;Qubadli, Azerbaijan
1453;Takeo, Cambodia
3665;Komuna e Junikut, Kosovo
1194;Sulawesi Barat, Indonesia
1595;Sabaragamuwa, Sri Lanka
589;Santander, Colombia
2161;Baja California, Mexico
2054;Saint Julian, Malta
1669;Rucavas, Latvia
1555;Loungnamtha, Laos
2063;In-Nadur, Malta
1228;Kerala, India
1607;Maryland, Liberia
1604;River Cess, Liberia
2159;Coahuila, Mexico
178;Bilasuvar Rayon, Azerbaijan
2158;Jalisco, Mexico
1111;Copan, Honduras
2157;Sinaloa, Mexico
3128;Borkou, Chad
2753;Anse Royale, Seychelles
1200;West Kalimantan, Indonesia
407;Samchi, Bhutan
365;Rondonia, Brazil
2431;Masovian Voivodeship, Poland
2141;Chiapas, Mexico
2623;Vrancea, Romania
2135;Tamaulipas, Mexico
2134;Central Region, Malawi
2120;Gaafu Dhaalu Atholhu, Maldives
1905;Valandovo, Macedonia
1195;Bangka-Belitung, Indonesia
984;Western, Ghana
2130;Vaavu Atholhu, Maldives
603;Cordoba, Colombia
2973;Dobrova-Horjul-Polhov Gradec, Slovenia
2128;Shaviyani Atholhu, Maldives
2537;Castelo Branco, Portugal
2124;Lhaviyani Atholhu, Maldives
2379;Callao, Peru
2119;Gaafu Alifu Atholhu, Maldives
2659;Kaluga, Russia
1940;Negotino, Macedonia
1924;Saraj, Macedonia
2116;North Central Province, Maldives
1110;Comayagua, Honduras
41;Samangan, Afghanistan
2112;Cargados Carajos, Mauritius
2110;Port Louis, Mauritius
2453;Ceiba, Puerto Rico
2107;Savanne, Mauritius
1465;Kep, Cambodia
1728;Dobeles Rajons, Latvia
1866;Sofia, Madagascar
3721;Northern, Zambia
2099;Saint John, Malta
2094;Bormla, Malta
1290;Hormozgan, Iran
592;Huila, Colombia
2090;Hal Gharghur, Malta
2087;Il-Gudja, Malta
2085;Il-Birgu, Malta
2084;Il-Furjana, Malta
2082;Is-Swieqi, Malta
1129;Istarska, Croatia
2081;Il-Kalkara, Malta
2080;Ta' Kercem, Malta
2079;Kirkop, Malta
156;Eckeroe, Aland Islands
3405;Lindi, Tanzania
774;Oran, Algeria
2911;Mislinja, Slovenia
2072;L-Imdina, Malta
942;Bourgogne, France
1524;Al Ahmadi Governorate, Kuwait
1276;Kerman, Iran
300;Ruyigi, Burundi
32;Farah, Afghanistan
145;Lumparland, Aland Islands
2832;Velenje, Slovenia
1131;Sisacko-Moslavacka, Croatia
2066;L-Imsida, Malta
3480;Colorado, United States
1828;Bar, Montenegro
1499;Hwanghae-bukto, North Korea
2450;Aguada, Puerto Rico
854;Eastern Province, Egypt
3224;Cova Lima, East Timor
1488;Saint John Figtree, Saint Kitts and Nevis
2332;Ash Sharqiyah, Oman
2060;Il-Qala, Malta
2059;Qormi, Malta
2267;Jinotega, Nicaragua
2057;Ir-Rabat, Malta
2052;Sannat, Malta
2050;Saint Lucia, Malta
1404;Wajir, Kenya
2523;San Juan, Puerto Rico
992;Sermersooq, Greenland
656;Sao Salvador do Mundo, Cape Verde
1451;Phnom Penh, Cambodia
201;Samux, Azerbaijan
1614;Quthing, Lesotho
1259;Mayorality of Baghdad, Iraq
1055;Tamuning, Guam
2045;Ta' Xbiex, Malta
1597;North Central, Sri Lanka
872;Maekel Region, Eritrea
208;Oguz, Azerbaijan
1109;Gracias a Dios, Honduras
1857;Sava, Madagascar
1024;Epirus, Greece
1916;Stip, Macedonia
519;Bas-Sassandra, Ivory Coast
256;Centre-Sud, Burkina Faso
2044;Il-Belt Valletta, Malta
1822;Raionul Basarabeasca, Moldova
2172;Sabah, Malaysia
2042;Ix-Xewkija, Malta
2049;Saint Venera, Malta
2041;Ix-Xghajra, Malta
996;Western, Gambia
1172;East Java, Indonesia
434;Alberta, Canada
1956;Gradsko, Macedonia
346;Piaui, Brazil
744;Elias Pina, Dominican Republic
1213;Kashmir, India
586;Boyaca, Colombia
963;Saint Andrew, Grenada
2030;Hodh el Gharbi, Mauritania
259;Centre-Nord, Burkina Faso
76;Lorri, Armenia
1178;Maluku, Indonesia
789;Laghouat, Algeria
1776;Marrakech-Tensift-Al Haouz, Morocco
1061;Agana Heights, Guam
177;Cabrayil Rayonu, Azerbaijan
1094;Tai Po, Hong Kong
244;Khulna, Bangladesh
991;Kujalleq, Greenland
2026;Hodh ech Chargui, Mauritania
295;Bururi, Burundi
2027;Assaba, Mauritania
1986;Tanintharyi, Myanmar
938;Champagne-Ardenne, France
1038;Huehuetenango, Guatemala
464;Ouham-Pende, Central African Republic
2464;Rio Grande, Puerto Rico
1567;Baalbek-Hermel, Lebanon
206;Qakh Rayon, Azerbaijan
3425;Rivne, Ukraine
2019;Martinique, Martinique
2145;The Federal District, Mexico
118;Salta, Argentina
1301;South, Iceland
3394;Singida, Tanzania
916;Yap, Micronesia
1413;Nyeri, Kenya
1849;Bongolava, Madagascar
12;Dubai, United Arab Emirates
1420;Murang'a District, Kenya
426;Orange Walk, Belize
75;Yerevan, Armenia
1811;Causeni, Moldova
2012;Selenge, Mongolia
933;Poitou-Charentes, France
224;Agsu, Azerbaijan
823;Sucumbios, Ecuador
2011;East Aimak, Mongolia
51;Saint Peter, Antigua and Barbuda
2009;Bulgan Province, Mongolia
2008;Ulaanbaatar, Mongolia
620;Guanacaste, Costa Rica
2272;Overijssel, Netherlands
1177;West Java, Indonesia
767;Batna, Algeria
3698;Acoua, Mayotte
96;Buenos Aires, Argentina
3239;Mary, Turkmenistan
642;Maio, Cape Verde
1736;Balvu Rajons, Latvia
3064;Wanica, Suriname
1409;Kirinyaga, Kenya
2020;Tiris Zemmour, Mauritania
2296;Aust-Agder, Norway
1646;Liepaja, Latvia
1095;Sha Tin, Hong Kong
504;Geneva, Switzerland
2188;Cabo Delgado, Mozambique
275;Burgas, Bulgaria
1995;Bayan-Olgiy, Mongolia
1518;Busan, South Korea
1992;Kayah, Myanmar
21;Balkh, Afghanistan
1990;Kayin, Myanmar
1989;Sagain, Myanmar
3344;Sinop, Turkey
1582;Schaan, Liechtenstein
1985;Mon, Myanmar
1105;Yoro, Honduras
1984;Bago, Myanmar
1222;Haryana, India
766;Tebessa, Algeria
221;Shaki Rayon, Azerbaijan
524;Sud-Comoe, Ivory Coast
3694;Pamandzi, Mayotte
376;East Grand Bahama, Bahamas
159;Zangilan Rayon, Azerbaijan
1979;Bamako, Mali
402;Lhuntshi, Bhutan
3278;Batman, Turkey
2551;Ngatpang, Palau
1977;Koulikoro, Mali
1799;Straseni, Moldova
387;Cat Island District, Bahamas
1690;Naukseni, Latvia
598;La Guajira, Colombia
749;La Romana, Dominican Republic
836;Jogevamaa, Estonia
40;Badghis, Afghanistan
1973;Kayes, Mali
1972;Sikasso, Mali
677;Vysocina, Czech Republic
2837;Starse, Slovenia
1081;Mahaica-Berbice, Guyana
1187;South Sumatra, Indonesia
62;Lezhe, Albania
1639;Vilaka, Latvia
548;North-West Province, Cameroon
1928;Rosoman, Macedonia
2220;Kaduna, Nigeria
73;Geghark'unik'i Marz, Armenia
616;Guaviare, Colombia
2344;Chiriqui, Panama
3016;Western Area, Sierra Leone
838;Hiiumaa, Estonia
2281;North Holland, Netherlands
1963;Cesinovo, Macedonia
2414;Davao, Philippines
1511;Gyeongsangnam-do, South Korea
236;Saint Lucy, Barbados
1960;Delcevo, Macedonia
651;Ribeira Grande, Cape Verde
1046;El Progreso, Guatemala
1959;Demir Kapija, Macedonia
632;Artemisa Province, Cuba
2310;Ijuw, Nauru
1958;Drugovo, Macedonia
2105;Riviere du Rempart, Mauritius
1386;Gifu, Japan
1832;Opstina Pluzine, Montenegro
2426;Punjab, Pakistan
1640;Vilanu, Latvia
87;Cabinda, Angola
2398;Manus, Papua New Guinea
1326;Saint Thomas, Jamaica
2075;Luqa, Malta
412;Kweneng, Botswana
1856;Boeny, Madagascar
1367;Kumamoto, Japan
1179;West Nusa Tenggara, Indonesia
471;Nana-Mambere, Central African Republic
216;Kalbacar Rayonu, Azerbaijan
1796;Raionul Telenesti, Moldova
2685;Sverdlovsk, Russia
198;Samaxi, Azerbaijan
995;Upper River, Gambia
1942;Brvenica, Macedonia
1376;Saga, Japan
1659;Skrunda, Latvia
870;Southern Red Sea Region, Eritrea
1937;Novo Selo, Macedonia
1936;Krivogastani, Macedonia
1934;Pehcevo, Macedonia
1933;Plasnica, Macedonia
1766;Murzuq, Libya
247;Walloon, Belgium
1927;Opstina Rostusa, Macedonia
1922;Sopiste, Macedonia
119;Mendoza, Argentina
3390;Tanga, Tanzania
921;Nordoyar, Faroe Islands
886;Galicia, Spain
2390;National Capital District, Papua New Guinea
3012;Bratislavsky, Slovakia
1917;Staro Nagoricane, Macedonia
2397;Madang, Papua New Guinea
2945;Kidricevo, Slovenia
1892;Probistip, Macedonia
857;Al Jizah, Egypt
1280;Qazvin, Iran
1913;Strumica, Macedonia
1801;Raionul Soroca, Moldova
463;Kemo, Central African Republic
1477;Moheli, Comoros
369;North Andros, Bahamas
1906;Opstina Lipkovo, Macedonia
2133;Southern Region, Malawi
170;Lerik, Azerbaijan
2417;Central Luzon, Philippines
1506;Gangwon-do, South Korea
1904;Prilep, Macedonia
1039;San Marcos, Guatemala
1149;Szabolcs-Szatmar-Bereg, Hungary
951;Moyen-Ogooue, Gabon
1481;Saint Anne Sandy Point, Saint Kitts and Nevis
683;Saxony, Germany
157;Nakhichevan, Azerbaijan
1769;Sha`biyat Wadi al Hayat, Libya
2300;Vestfold, Norway
1900;Vinica, Macedonia
137;New South Wales, Australia
1879;Lae Atoll, Marshall Islands
98;Entre Rios, Argentina
1846;Atsimo-Atsinanana, Madagascar
1657;Smiltene, Latvia
2705;Irkutsk, Russia
1246;Daman and Diu, India
1686;Olaine, Latvia
1272;Golestan, Iran
1598;Grand Gedeh, Liberia
1571;Micoud, Saint Lucia
1819;Calarasi, Moldova
248;Brussels Capital, Belgium
1894;Zelino, Macedonia
1071;Tombali, Guinea-Bissau
405;Chirang, Bhutan
526;N'zi-Comoe, Ivory Coast
1787;Raionul Criuleni, Moldova
2985;Brezice, Slovenia
1889;Wotje Atoll, Marshall Islands
1888;Jabat Island, Marshall Islands
3615;Ben Tre, Vietnam
1887;Kili Island, Marshall Islands
730;Barahona, Dominican Republic
3493;Rocha, Uruguay
1605;Montserrado, Liberia
2455;Aibonito, Puerto Rico
1319;Tuscany, Italy
670;Central Bohemia, Czech Republic
1881;Ujae Atoll, Marshall Islands
1478;Anjouan, Comoros
1050;Izabal, Guatemala
1443;Nyandarua, Kenya
3503;San Jose, Uruguay
2164;Colima, Mexico
3349;Rize, Turkey
1877;Ailinglaplap Atoll, Marshall Islands
809;Cotopaxi, Ecuador
1251;Ninawa, Iraq
1852;Atsimo-Andrefana, Madagascar
3367;Nanumanga, Tuvalu
1435;Nyamira District, Kenya
1873;Enewetak Atoll, Marshall Islands
499;Thurgau, Switzerland
646;Sao Filipe, Cape Verde
546;Far North, Cameroon
837;Saare, Estonia
1869;Ailuk Atoll, Marshall Islands
147;Kumlinge, Aland Islands
1494;P'yongan-namdo, North Korea
1864;Upper Matsiatra, Madagascar
220;Davachi Rayon, Azerbaijan
1583;Ruggell, Liechtenstein
2710;Buryatiya, Russia
2174;Perak, Malaysia
3398;Morogoro, Tanzania
1860;Ihorombe, Madagascar
2190;Inhambane, Mozambique
1841;Cetinje, Montenegro
262;Varna, Bulgaria
1092;Wanchai, Hong Kong
1609;Bong, Liberia
1505;Gyeongsangbuk-do, South Korea
1782;Gharb-Chrarda-Beni Hssen, Morocco
917;Streymoy, Faroe Islands
1305;Calabria, Italy
1405;Nairobi Area, Kenya
1853;Anosy, Madagascar
703;Dikhil, Djibouti
1107;Ocotepeque, Honduras
726;Baoruco, Dominican Republic
685;Baden-Wuerttemberg, Germany
678;Plzensky, Czech Republic
640;Isla de la Juventud, Cuba
922;Eysturoy, Faroe Islands
3680;Muhafazat Ta`izz, Yemen
681;Praha, Czech Republic
621;San Jose, Costa Rica
686;Bavaria, Germany
2748;Takamaka, Seychelles
2324;Otago, New Zealand
423;Mogilevskaya Oblast', Belarus
114;Tierra del Fuego, Argentina
1834;Opstina Plav, Montenegro
245;Barisal, Bangladesh
1209;Northern District, Israel
455;Kinshasa, Democratic Republic of the Congo
965;Samegrelo and Zemo Svaneti, Georgia
3045;Togdheer, Somalia
1003;Kankan, Guinea
695;Berlin, Germany
1085;Upper Demerara-Berbice, Guyana
209;Gadabay Rayon, Azerbaijan
1452;Kandal, Cambodia
802;Guayas, Ecuador
3689;Shabwah, Yemen
570;Shandong Sheng, China
58;Berat, Albania
1512;Jeollabuk-do, South Korea
1824;Opstina Rozaje, Montenegro
1637;Zilupes, Latvia
194;Xizi, Azerbaijan
1368;Toyama, Japan
1821;Bender, Moldova
694;Schleswig-Holstein, Germany
1345;Madaba, Jordan
785;Mostaganem, Algeria
3521;Andijon, Uzbekistan
2151;Campeche, Mexico
266;Pernik, Bulgaria
824;Parnumaa, Estonia
2285;Troms, Norway
217;Ismayilli, Azerbaijan
219;Ganja City, Azerbaijan
1562;Liban-Sud, Lebanon
53;Barbuda, Antigua and Barbuda
173;Astara, Azerbaijan
241;Dhaka, Bangladesh
810;Santo Domingo de los Tsachilas, Ecuador
758;Tizi Ouzou, Algeria
1803;Raionul Rezina, Moldova
265;Veliko Turnovo, Bulgaria
505;Neuchatel, Switzerland
1572;Laborie, Saint Lucia
2423;Khyber Pakhtunkhwa, Pakistan
362;Mato Grosso do Sul, Brazil
1101;Olancho, Honduras
1795;Stinga Nistrului, Moldova
1970;Centar Zupa, Macedonia
1791;Raionul Cantemir, Moldova
1380;Okayama, Japan
188;Goygol Rayon, Azerbaijan
1400;Taita Taveta, Kenya
161;Xocavand Rayonu, Azerbaijan
1785;Oued ed Dahab-Lagouira, Morocco
69;Syunik'i Marz, Armenia
699;Tadjourah, Djibouti
2201;Kunene, Namibia
398;Punakha, Bhutan
1334;Saint Ann, Jamaica
1415;Kajiado, Kenya
400;Paro, Bhutan
1772;Tadla-Azilal, Morocco
3337;Yalova, Turkey
140;Australian Capital Territory, Australia
1768;Sha`biyat Wadi ash Shati', Libya
2129;Thaa Atholhu, Maldives
721;Monte Plata, Dominican Republic
1760;Al Marqab, Libya
2838;Sredisce ob Dravi, Slovenia
1756;An Nuqat al Khams, Libya
1287;Ostan-e Esfahan, Iran
1550;Bolikhamxai, Laos
1748;Marupe, Latvia
2885;Prevalje, Slovenia
122;Swains Island, American Samoa
2232;Delta, Nigeria
692;Lower Saxony, Germany
1322;Molise, Italy
1740;Apes Novads, Latvia
1739;Auces Novads, Latvia
1738;Baldones Novads, Latvia
100;Buenos Aires F.D., Argentina
1967;Suto Orizari, Macedonia
1709;Kekava, Latvia
35;Jowzjan, Afghanistan
1459;Prey Veng, Cambodia
1735;Bauskas Rajons, Latvia
191;Tartar Rayon, Azerbaijan
473;Lekoumou, Republic of the Congo
1732;Cesu Rajons, Latvia
321;Littoral, Benin
1309;Apulia, Italy
757;Tlemcen, Algeria
1381;Aichi, Japan
1587;Eschen, Liechtenstein
1727;Amatas Novads, Latvia
1257;Muhafazat Karbala', Iraq
2365;Ucayali, Peru
197;Shamkir Rayon, Azerbaijan
813;Pichincha, Ecuador
2922;Lukovica, Slovenia
335;Cochabamba, Bolivia
1717;Jaunpiebalga, Latvia
1441;Tharaka District, Kenya
2428;Gilgit-Baltistan, Pakistan
2732;Al Jawf, Saudi Arabia
2312;Anabar, Nauru
778;Setif, Algeria
927;Alsace, France
238;Saint Joseph, Barbados
1707;Koknese, Latvia
2816;Vitanje, Slovenia
861;Bur Sa'id, Egypt
1010;Wele-Nzas, Equatorial Guinea
2986;Braslovce, Slovenia
268;Razgrad, Bulgaria
2311;Anibare, Nauru
745;Dajabon, Dominican Republic
859;Al Qahirah, Egypt
1702;Ligatne, Latvia
1698;Lubana, Latvia
301;Cankuzo, Burundi
531;Araucania, Chile
939;Franche-Comte, France
1327;Manchester, Jamaica
3498;Colonia, Uruguay
1685;Ozolnieku, Latvia
1536;Pavlodar, Kazakhstan
1681;Plavinu, Latvia
2868;Rogasovci, Slovenia
2541;Vila Real, Portugal
1671;Ropazu, Latvia
63;Shkoder, Albania
1668;Rugaju, Latvia
1876;Arno Atoll, Marshall Islands
223;Balakan Rayon, Azerbaijan
382;North Abaco, Bahamas
3053;Woqooyi Galbeed, Somalia
1983;Yangon, Myanmar
2440;Pomeranian Voivodeship, Poland
901;Binshangul Gumuz, Ethiopia
1837;Opstina Kolasin, Montenegro
1000;Nzerekore, Guinea
2436;Podlasie, Poland
3088;Morazan, El Salvador
25;Paktika, Afghanistan
3080;La Paz, El Salvador
3125;Kanem, Chad
1638;Tervete, Latvia
1823;Balti, Moldova
712;Saint Joseph, Dominica
174;Xocali, Azerbaijan
1635;Luxembourg, Luxembourg
551;Adamaoua, Cameroon
404;Gasa, Bhutan
271;Montana, Bulgaria
1628;Klaipedos Apskritis, Lithuania
3332;Ordu, Turkey
2240;Zamfara, Nigeria
1622;Thaba-Tseka, Lesotho
1620;Mafeteng, Lesotho
574;Henan Sheng, China
2250;Ekiti, Nigeria
176;Fuezuli, Azerbaijan
1616;Maseru, Lesotho
3455;Mississippi, United States
2744;Malaita, Solomon Islands
1612;Grand Kru, Liberia
980;Central, Ghana
1601;Bomi, Liberia
1600;Lofa, Liberia
560;Jiangsu Sheng, China
559;Sichuan, China
2103;Plaines Wilhems, Mauritius
2125;Meemu Atholhu, Maldives
1267;Kermanshah, Iran
316;Mono, Benin
1307;Sicily, Italy
871;Debub, Eritrea
514;Dix-Huit Montagnes, Ivory Coast
682;Moravskoslezsky, Czech Republic
3317;Tokat, Turkey
1591;Uva, Sri Lanka
1814;Raionul Falesti, Moldova
1752;Sha`biyat al Wahat, Libya
2654;Tambov, Russia
716;Saint Paul, Dominica
1574;Dennery, Saint Lucia
1001;Labe, Guinea
1566;Aakkar, Lebanon
1219;Himachal Pradesh, India
1575;Choiseul, Saint Lucia
787;Djelfa, Algeria
1551;Louangphabang, Laos
2348;Los Santos, Panama
2430;Lublin Voivodeship, Poland
134;South Australia, Australia
1548;Phongsali, Laos
1815;Cahul, Moldova
1356;Fukuoka, Japan
1130;Brodsko-Posavska, Croatia
1683;Rundales, Latvia
151;Mariehamn, Aland Islands
1660;Skriveri, Latvia
1534;Aqmola, Kazakhstan
715;Saint John, Dominica
1189;Central Sulawesi, Indonesia
2070;L-Imgarr, Malta
3481;Nevada, United States
2014;Orhon, Mongolia
1516;Seoul, South Korea
2037;Iz-Zejtun, Malta
1317;Trentino-Alto Adige, Italy
3633;Gagaifomauga, Samoa
1507;Jeollanam-do, South Korea
3502;Montevideo, Uruguay
3222;Atafu, Tokelau
1014;Bioko Sur, Equatorial Guinea
3181;Nong Khai, Thailand
1861;Menabe, Madagascar
2500;Guayanilla, Puerto Rico
1694;Burtnieku Novads, Latvia
107;Tucuman, Argentina
1102;Colon, Honduras
811;Santa Elena, Ecuador
644;Tarrafal de Sao Nicolau, Cape Verde
1127;Zadarska, Croatia
1978;Gao, Mali
1471;Preah Sihanouk, Cambodia
1513;Ulsan, South Korea
1278;Razavi Khorasan, Iran
2183;Gaza, Mozambique
2803;Zelezniki, Slovenia
419;Grodnenskaya Oblast', Belarus
1461;Otar Meanchey, Cambodia
494;Lucerne, Switzerland
1653;Tukuma Rajons, Latvia
617;Bogota D.C., Colombia
1332;Westmoreland, Jamaica
607;Sucre, Colombia
2798;Ziri, Slovenia
3218;Region of Republican Subordination, Tajikistan
3151;Lampang, Thailand
3153;Tak, Thailand
491;Zug, Switzerland
492;Solothurn, Switzerland
518;Zanzan, Ivory Coast
2091;L-Gharb, Malta
2805;Zalec, Slovenia
536;Maule, Chile
361;Mato Grosso, Brazil
2362;La Libertad, Peru
1734;Brocenu Novads, Latvia
1436;Marakwet District, Kenya
1432;Kiambu, Kenya
229;Saint Thomas, Barbados
662;Concelho de Sao Lourenco dos Orgaos, Cape Verde
1427;Isiolo, Kenya
1419;Kitui, Kenya
2534;Portalegre, Portugal
956;Scotland, United Kingdom
2247;Osun, Nigeria
1382;Ishikawa, Japan
1407;Kericho, Kenya
1082;Potaro-Siparuni, Guyana
1485;Saint Peter Basseterre, Saint Kitts and Nevis
1379;Nagano, Japan
609;Arauca, Colombia
357;Minas Gerais, Brazil
454;Bandundu, Democratic Republic of the Congo
2965;Gorenja Vas-Poljane, Slovenia
1348;Tafielah, Jordan
10;Abu Dhabi, United Arab Emirates
333;El Beni, Bolivia
233;Saint James, Barbados
155;Finstroem, Aland Islands
3061;Para, Suriname
1197;Kalimantan Tengah, Indonesia
1731;Cesvaines Novads, Latvia
764;Ain Defla, Algeria
24;Kandahar, Afghanistan
1297;Northeast, Iceland
1185;Sulawesi Tenggara, Indonesia
910;Eastern, Fiji
876;Castille-La Mancha, Spain
323;Hamilton city, Bermuda
2203;Ohangwena, Namibia
1662;Saulkrastu, Latvia
2836;Store, Slovenia
381;Ragged Island, Bahamas
54;Saint Mary, Antigua and Barbuda
578;Liaoning, China
437;Manitoba, Canada
2966;Straza, Slovenia
1263;Dhi Qar, Iraq
577;Tianjin Shi, China
967;Guria, Georgia
1256;Muhafazat Kirkuk, Iraq
2640;Rjazan, Russia
1253;Arbil, Iraq
2046;Tarxien, Malta
276;Vidin, Bulgaria
2731;Al-Qassim, Saudi Arabia
353;Sao Paulo, Brazil
2638;Tverskaya, Russia
918;Suduroy, Faroe Islands
1216;Arunachal Pradesh, India
1912;Studenicani, Macedonia
1214;Tamil Nadu, India
2628;Ialomita, Romania
626;Granma, Cuba
2147;Yucatan, Mexico
513;Haut-Sassandra, Ivory Coast
46;Wilayat-e Baghlan, Afghanistan
152;Jomala, Aland Islands
2131;Laamu, Maldives
1517;Incheon, South Korea
480;Pool, Republic of the Congo
1231;Chhattisgarh, India
1270;Tehran, Iran
675;Jihocesky, Czech Republic
482;Plateaux, Republic of the Congo
1173;Daerah Istimewa Yogyakarta, Indonesia
1226;Bihar, India
30;Oruzgan, Afghanistan
1753;Al Kufrah, Libya
1154;Csongrad, Hungary
282;Gabrovo, Bulgaria
1527;Mangghystau, Kazakhstan
953;Ogooue-Lolo, Gabon
2866;Ruse, Slovenia
1573;Gros-Islet, Saint Lucia
261;Southwest, Burkina Faso
549;West, Cameroon
88;Cuanza Sul, Angola
1450;Naryn, Kyrgyzstan
1969;Cair, Macedonia
1331;St. Elizabeth, Jamaica
1072;Oio, Guinea-Bissau
329;Chuquisaca, Bolivia
1063;Chalan Pago-Ordot, Guam
67;Vayots' Dzori Marz, Armenia
1059;Merizo, Guam
2118;Dhaalu Atholhu, Maldives
990;Qeqqata, Greenland
825;Vorumaa, Estonia
1037;Totonicapan, Guatemala
937;Picardie, France
2293;Nordland, Norway
133;Western Australia, Australia
1439;Garissa, Kenya
1346;Jerash, Jordan
1015;Crete, Greece
3089;San Miguel, El Salvador
641;Brava, Cape Verde
131;Vorarlberg, Austria
82;Zaire, Angola
182;Baki, Azerbaijan
1148;Departement de la Grand'Anse, Haiti
1062;Hagatna, Guam
501;Fribourg, Switzerland
834;Raplamaa, Estonia
377;Moore's Island, Bahamas
385;Long Island District, Bahamas
431;Corozal, Belize
355;Rio de Janeiro, Brazil
3145;Chiang Mai, Thailand
2439;Lubusz, Poland
975;Ajaria, Georgia
972;Abkhazia, Georgia
795;Constantine, Algeria
3260;Gafsa Governorate, Tunisia
973;Mtskheta-Mtianeti, Georgia
3002;Kostel, Slovenia
827;Viljandimaa, Estonia
599;Bolivar, Colombia
649;Santa Cruz, Cape Verde
429;Toledo, Belize
1083;Demerara-Mahaica, Guyana
6;Parroquia de la Massana, Andorra
888;Catalonia, Spain
2801;Kungota, Slovenia
897;Harari, Ethiopia
2003;Hentiy, Mongolia
243;Rajshahi, Bangladesh
891;Ceuta, Spain
49;Saint John, Antigua and Barbuda
287;Sofia-Capital, Bulgaria
272;Lovech, Bulgaria
2005;Middle Govi, Mongolia
343;Paraiba, Brazil
804;Esmeraldas, Ecuador
228;Brcko, Bosnia and Herzegovina
307;Muyinga, Burundi
1212;Haifa District, Israel
3104;Latakia, Syria
1260;Wasit, Iraq
595;Meta, Colombia
91;Cuando Cubango, Angola
